PROV1013	Lori	Lori
PROV1112	Madurai	Madurai
PROV1113	Chagai	Chagai
PROV1114	Mahoyadapuram	Mahoyadapuram
PROV1115	Cholamandalam	Cholamandalam
PROV1116	Tenkasi	Tenkasi
PROV1117	Qalqut	Qalqut
PROV1118	Manyapura	Manyapura
PROV1119	Kanchipuram	Kanchipuram
PROV1120	Tagadur	Tagadur
PROV1121	Uchangidurga	Uchangidurga
PROV1122	Udayagiri	Udayagiri
PROV1123	Vengipura	Vengipura
PROV1124	Honnore	Honnore
PROV1125	Thana	Thana
PROV1126	Daman	Daman
PROV1127	Navasarika	Navasarika
PROV1128	Vizagipatam	Vizagipatam
PROV1129	Kataka	Kataka
PROV1130	Mandavyapura	Mandavyapura
PROV1131	Karmanta	Karmanta
PROV1132	Kirghiz	Kirghiz
PROV1133	Vadodara	Vadodara
PROV1134	Bhumilka	Bhumilka
PROV1135	Valabhi	Valabhi
PROV1136	Dvaraka	Dvaraka
PROV1137	Mansura	Mansura
PROV1138	Bhakkar	Bhakkar
PROV1139	Makran	Makran
PROV1140	Banavasi	Banavasi
PROV1141	Kol	Kol
PROV1142	Pratishthana	Pratishthana
PROV1143	Kalyani	Kalyani
PROV1144	Kollipake	Kollipake
PROV1145	Devagiri	Devagiri
PROV1146	Naldurg	Naldurg
PROV1147	Mandapika	Mandapika
PROV1148	Dasapura	Dasapura
PROV1149	Dhara	Dhara
PROV1150	Sarangpur	Sarangpur
PROV1151	Laksmanavati	Laksmanavati
PROV1152	Mudgagiri	Mudgagiri
PROV1153	Kotivarsa	Kotivarsa
PROV1154	Magadha	Magadha
PROV1155	Sripuri	Sripuri
PROV1156	Kodalaka Mandala	Kodalaka Mandala
PROV1157	Balkonda	Balkonda
PROV1158	Bidar	Bidar
PROV1159	Ramagiri	Ramagiri
PROV1160	Rayapura	Rayapura
PROV1161	Kasmira	Kasmira
PROV1162	Kusinagara	Kusinagara
PROV1163	Varanasi	Varanasi
PROV1164	Chauragarh	Chauragarh
PROV1165	Bandhugadha	Bandhugadha
PROV1166	Jaunpur	Jaunpur
PROV1167	Lakhnau	Lakhnau
PROV1168	Katehar	Katehar
PROV1169	Kalpi	Kalpi
PROV1170	Vidisa	Vidisa
PROV1171	Kalanjara	Kalanjara
PROV1172	Gwalior	Gwalior
PROV1173	Sambhal	Sambhal
PROV1174	Godwad	Godwad
PROV1175	Aror	Aror
PROV1176	Medantaka	Medantaka
PROV1177	Kundina	Kundina
PROV1178	Karur	Karur
PROV1179	Sakala	Sakala
PROV1180	Udabhanda	Udabhanda
PROV1181	Oshrusana	Oshrusana
PROV1182	Ghazna	Ghazna
PROV1183	Bost	Bost
PROV1184	Kalat	Kalat
PROV1185	Kabul	Kabul
PROV1186	Chach	Chach
PROV1187	Kunduz	Kunduz
PROV1188	Khuttal	Khuttal
PROV1189	Bamian	Bamian
PROV1190	Gurjaratra	Gurjaratra
PROV1191	Bannu	Bannu
PROV1192	Bhera	Bhera
PROV1193	Trigarta	Trigarta
PROV1194	Nagadipa	Nagadipa
PROV1195	Pihiti	Pihiti
PROV1196	Srirangapatna	Srirangapatna
PROV1197	Dwarasamudra	Dwarasamudra
PROV1198	Vatapi	Vatapi
PROV1199	Penugonda	Penugonda
PROV1200	Kanara	Kanara
PROV1201	Kongu	Kongu
PROV1202	Kudalasangama	Kudalasangama
PROV1203	Idatarainadu	Idatarainadu
PROV1204	Nellore	Nellore
PROV1205	Narim	Narim
PROV1206	Taradavadi	Taradavadi
PROV1207	Amaravati	Amaravati
PROV1208	Kambampet	Kambampet
PROV1209	Racakonda	Racakonda
PROV1210	Manyakheta	Manyakheta
PROV1211	Pannagallu	Pannagallu
PROV1212	Lattalura	Lattalura
PROV1213	Kondana	Kondana
PROV1214	Tirunelveli	Tirunelveli
PROV1215	Dakhina Desa	Dakhina Desa
PROV1216	Talakad	Talakad
PROV1217	Nandagiri	Nandagiri
PROV1218	Alampur	Alampur
PROV1219	Potapi	Potapi
PROV1220	Goa	Goa
PROV1221	Vijayawada	Vijayawada
PROV1222	Rajamahendravaram	Rajamahendravaram
PROV1223	Ishim	Ishim
PROV1224	Kalinganagar	Kalinganagar
PROV1225	Puri	Puri
PROV1226	Nandapur	Nandapur
PROV1227	Cakrakuta	Cakrakuta
PROV1228	Swetaka Mandala	Swetaka Mandala
PROV1229	Khinjali Mandala	Khinjali Mandala
PROV1230	Suvarnapura	Suvarnapura
PROV1231	Viraja	Viraja
PROV1232	Midnapore	Midnapore
PROV1233	Saptagrama	Saptagrama
PROV1234	Damin-i-koh	Damin-i-koh
PROV1235	Tamralipti	Tamralipti
PROV1236	Candradvipa	Candradvipa
PROV1237	Rajrappa	Rajrappa
PROV1238	Mallabhum	Mallabhum
PROV1239	Vijayapura	Vijayapura
PROV1240	Kumara Mandala	Kumara Mandala
PROV1241	Jharkand	Jharkand
PROV1242	Radha	Radha
PROV1243	Gauda	Gauda
PROV1244	Kamatapur	Kamatapur
PROV1245	Srihatta	Srihatta
PROV1246	Goalpara	Goalpara
PROV1247	Khijjingakota	Khijjingakota
PROV1248	Munda	Munda
PROV1249	Sambalpur	Sambalpur
PROV1250	Ayodhya	Ayodhya
PROV1251	Sasaram	Sasaram
PROV1252	Barasuru	Barasuru
PROV1253	Nilagiri	Nilagiri
PROV1254	Vairagara	Vairagara
PROV1255	Vemulavada	Vemulavada
PROV1256	Orangallu	Orangallu
PROV1257	Medak	Medak
PROV1258	Nanded	Nanded
PROV1259	Vatsagulma	Vatsagulma
PROV1260	Nasikya	Nasikya
PROV1261	Parnakheta	Parnakheta
PROV1262	Thalner	Thalner
PROV1263	Burhanpur	Burhanpur
PROV1264	Nandurbar	Nandurbar
PROV1265	Sagar	Sagar
PROV1266	Somnath	Somnath
PROV1267	Vardhamana	Vardhamana
PROV1268	Dhamalpur	Dhamalpur
PROV1269	Canda	Canda
PROV1270	Kiranapura	Kiranapura
PROV1271	Tripuri	Tripuri
PROV1272	Ratanpur	Ratanpur
PROV1273	Turgay	Turgay
PROV1274	Damoh	Damoh
PROV1275	Zaranj	Zaranj
PROV1276	Gaya	Gaya
PROV1277	Tummana	Tummana
PROV1278	Gurgi	Gurgi
PROV1279	Rohana	Rohana
PROV1280	Gojjam	Gojjam
PROV1281	Chunar	Chunar
PROV1282	Dotawo	Dotawo
PROV1283	Asni	Asni
PROV1284	Bharauli	Bharauli
PROV1285	Acalapura	Acalapura
PROV1286	Kherla	Kherla
PROV1287	Asirgarh	Asirgarh
PROV1288	Ujjayini	Ujjayini
PROV1289	Dadhipadra	Dadhipadra
PROV1290	Khetaka	Khetaka
PROV1291	Mohadavasaka	Mohadavasaka
PROV1292	Sarasvata Mandala	Sarasvata Mandala
#PROV1293	Gulf of Kutch	Gulf of Kutch
PROV1294	Satyapura	Satyapura
PROV1295	Kutch	Kutch
PROV1296	Dimapur	Dimapur
PROV1297	Debul	Debul
PROV1298	Chanderi	Chanderi
PROV1299	Candhoba	Candhoba
PROV1300	Kota	Kota
PROV1301	Mahoba	Mahoba
PROV1302	Chitrakut	Chitrakut
PROV1303	Ranikot	Ranikot
PROV1304	Ludrava	Ludrava
PROV1305	Lake Balkhash	Lake Balkhash
PROV1306	Tura	Tura
PROV1307	Indus	Indus
PROV1308	Indus	Indus
PROV1309	Indus	Indus
PROV1310	Indus	Indus
PROV1311	Ganges	Ganges
PROV1312	Ganges	Ganges
PROV1313	Ganges	Ganges
PROV1314	Ganges	Ganges
PROV1315	Ganges	Ganges
PROV1316	Brahmaputra	Brahmaputra
PROV1317	Brahmaputra	Brahmaputra
PROV1318	Samatata	Samatata
PROV1319	Bikrampur	Bikrampur
PROV1320	Aydhab	Aydhab
PROV1321	Kamarupanagara	Kamarupanagara
PROV1322	Nobatia	Nobatia
PROV1323	Nabadwipa	Nabadwipa
PROV1324	Suvarnagram	Suvarnagram
PROV1325	Madhupur	Madhupur
PROV1326	Napata	Napata
PROV1327	Rothas	Rothas
PROV1328	Prayaga	Prayaga
PROV1329	Ket	Ket
PROV1330	Suakin	Suakin
PROV1331	Sonda	Sonda
PROV1332	Trinkitat	Trinkitat
PROV1333	Siwistan	Siwistan
PROV1334	Alodia	Alodia
PROV1335	Kosti	Kosti
PROV1336	Vijnot	Vijnot
PROV1337	Uch	Uch
PROV1338	Multan	Multan
PROV1339	Rajanpur	Rajanpur
PROV1340	Karor	Karor
PROV1341	Nandana	Nandana
PROV1342	Purushapura	Purushapura
PROV1343	Massawa	Massawa
PROV1344	Zeila	Zeila
PROV1345	Medapata	Medapata
PROV1346	Ajayameru	Ajayameru
#PROV1347	Tarim Basin	Tarim Basin
PROV1348	Burma	Burma
PROV1349	Vikramapura	Vikramapura
PROV1350	Reni	Reni
PROV1351	Tibetan Plateau	Tibetan Plateau
PROV1352	Sarasvati	Sarasvati
PROV1353	Vairata	Vairata
PROV1354	Nagauda	Nagauda
PROV1355	Ranthambore	Ranthambore
PROV1356	Kanyakubja	Kanyakubja
PROV1357	Sripatha	Sripatha
PROV1358	Vodamayutja	Vodamayutja
PROV1359	Mathura	Mathura
PROV1360	Maldives	Maldives
PROV1361	Shorkot	Shorkot
PROV1362	Lahur	Lahur
PROV1363	Dipalpur	Dipalpur
PROV1364	Tribandapura	Tribandapura
PROV1365	Delhi	Delhi
PROV1366	Hisar	Hisar
PROV1367	Sthanisvara	Sthanisvara
PROV1368	Hastinapura	Hastinapura
PROV1369	Socotra	Socotra
PROV1370	Armail	Armail
PROV1371	Quzdar	Quzdar
PROV1372	Kandail	Kandail
PROV1373	Assab	Assab
PROV1374	Sibi	Sibi
PROV1375	Kafirkot	Kafirkot
PROV1376	Bori	Bori
PROV1377	Maymana	Maymana
PROV1378	Urgench	Urgench
PROV1379	Asayita	Asayita
PROV1380	Semien	Semien
PROV1381	Pundravardhana	Pundravardhana
PROV1413	Venadu	Gulf of Suez
PROV1414	Kotthasara	Northern Red Sea
PROV1415	Pithapuram	Central Red Sea
PROV1416	Kolhapur	Southern Red Sea
PROV1417	Wag	Strait of Mandeb
PROV1418	Haruppeswara	Gulf of Aden
PROV1419	Mithila	Horn of Africa
PROV1420	Simaramapura	Coast of Dhofar
PROV1421	Sravasti	Southern Coast of Oman
PROV1422	Naimisa	Coast of Muscat
PROV1423	Fergana	Gulf of Oman
PROV1424	Chuy	Strait of Hormuz
PROV1425	Ili	Eastern Persian Gulf
PROV1426	Zhetysu	Western Persian Gulf
PROV1427	Urzhar	Coast of Makran
PROV1428	Damot	Indus Delta
PROV1429	Begemder	Coast of Gujarat
PROV1430	Kipchak	Coast of Konkan
PROV1431	Otrar	Coast of Malabar
PROV1432	Karluk	Karnataka Coast
PROV1433	Kazakh	Gulf of Mannar
PROV1434	Balkhash	South Lanka Coast
PROV1435	Kimak	Palk Strait
PROV1436	Lakomelza	North Lanka Coast
PROV1437	Tigrinya	South Coromandel Coast
PROV908	Rub' al Khali Desert	North Coromandel Coast
d_semien	Semien	Outer Mongolia
d_semien_adj	Semien	Coast of Orissa
c_semien	Semien	Coast of Kataka
c_semien_adj	Semien	Ganges Delta
c_tigrinya	Tigrinya	Arabian Sea
c_tigrinya_adj	Tigrinya	Venadu
d_afar	Afar	Kotthasara
d_afar_adj	Afar	Pithapuram
c_assab	Assab	Kolhapur
c_assab_adj	Assab	Wag
c_asayita	Asaita	Haruppeswara
c_asayita_adj	Asaita	Mithila
c_begemder	Begemder	Simaramapura
c_begemder_adj	Begemder	Sravasti
d_wag	Wag	Naimisa
d_wag_adj	Wag	Fergana
c_wag	Wag	Chuy
c_wag_adj	Wag	Ili
c_lakomelza	Lakomelza	Zhetysu
c_lakomelza_adj	Lakomelza	Urzhar
d_gojjam	Gojjam	Damot
d_gojjam_adj	Gojjam	Begemder
c_gojjam	Gojjam	Kipchak
c_gojjam_adj	Gojjam	Otrar
d_damot	Damot	Karluk
d_damot_adj	Damot	Kazakh
c_damot	Damot	Balkhash
c_damot_adj	Damot	Kimak
d_shewa	Shewa	Lakomelza
d_shewa_adj	Shewa	Tigrinya
c_massawa	Massawa	Rub' al Khali Desert
c_massawa_adj	Massawa	Semien
b_massawa	Massawa	Semien
b_antalla	Antalla	Semien
b_rama2	Rama	Semien
b_hawzen	Hawzen	Tigrinya
b_yeha	Yeha	Tigrinya
b_tigrinya	Tigrinya	Afar
b_adi_ramets	Adi Ramets	Afar
b_amba_maderiya	Amba Maderiya	Assab
b_bilamba	Bilamba	Assab
b_golonco	Golonco	Asaita
b_zagamat	Zagamat	Asaita
b_adenna	Adenna	Begemder
b_dabat	Dabat	Begemder
b_debark	Debark	Wag
b_ciarveta	Ciarveta	Wag
b_oivela_mariam	Oivela Mariam	Wag
b_belesa	Belesa	Wag
b_amja_lebes	Amja Lebes	Lakomelza
b_ambaras	Ambaras	Lakomelza
b_sekota	Sekota	Gojjam
b_zumbo	Zumbo	Gojjam
b_sacca	Sacca	Gojjam
b_tsaicha	Tsaicha	Gojjam
b_lashwa	Lashwa	Damot
b_indeher_giba	Indeher Giba	Damot
b_liktaba	Liktaba	Damot
b_gereger	Gereger	Damot
b_filakit	Filakit	Shewa
b_chekerefta	Chekerefta	Shewa
b_danya	Danya	Massawa
b_bete_yohanis	Bete Yohanis	Massawa
b_awariya	Awariya	Massawa
b_maryamu	Maryamu	Antalla
b_dessye	Dessye	Rama
b_kembolcha	Kembolcha	Hawzen
b_ziya	Ziya	Yeha
b_habru	Habru	Tigrinya
b_tigaja	Tigaja	Adi Ramets
b_cherkwa	Cherkwa	Amba Maderiya
b_metene	Metene	Bilamba
b_gojjam	Gojjam	Golonco
b_mankorar	Mankorar	Zagamat
b_eliyas	Eliyas	Adenna
b_yejube	Yejube	Dabat
b_godana_mikael	Godana Mikael	Debark
b_yegeleka	Yegeleka	Ciarveta
b_baremma	Baremma	Oivela Mariam
b_malbarde	Malbarde	Belesa
b_muger	Muger	Amja Lebes
b_yirga_chefe	Yirga Chefe	Ambaras
b_fasha	Fasha	Sekota
b_awasa	Awasa	Zumbo
b_zima	Zima	Sacca
b_teltele	Teltele	Tsaicha
b_assab	Assab	Lashwa
b_debaysima	Debaysima	Indeher Giba
b_rehayto	Rehayto	Liktaba
b_manda	Manda	Gereger
b_agurto	Agurto	Filakit
b_mergebla	Mergebla	Chekerefta
b_gehare	Gehare	Danya
b_asayita	Asaita	Bete Yohanis
b_afambo	Afambo	Awariya
b_serdo	Serdo	Maryamu
b_dedai	Dedai	Dessye
b_lofefle	Lofefle	Kembolcha
b_tendaho	Tendaho	Ziya
b_jewaha	Jewaha	Habru
d_socotra	Socotra	Tigaja
c_socotra	Socotra	Cherkwa
b_qualnsiyah	Qualnsiyah	Metene
b_qadub	Qadub	Gojjam
b_steroh	Steroh	Mankorar
b_asma	Asma	Eliyas
b_siqirah	Siqirah	Yejube
b_qashiu	Qashiu	Godana Mikael
b_qift	Qift	Yegeleka
b_edfu	Edfu	Baremma
b_ballana	Ballana	Malbarde
b_buhen	Buhen	Muger
b_premnis	Premnis	Yirga Chefe
b_nubia	Nubia	Fasha
b_delgo	Delgo	Awasa
b_soleb	Soleb	Zima
b_abri	Abri	Teltele
b_akasha	Akasha	Assab
b_napata	Napata	Debaysima
b_karima	Karima	Rehayto
b_barah	Barah	Manda
b_omjerky	Omjerky	Agurto
b_malaka	Malaka	Mergebla
b_wawissi	Wawissi	Gehare
b_tandalti	Tandalti	Asaita
b_umm_ruwaba	Umm Ruwaba	Afambo
b_dalang	Dalang	Serdo
b_kaduqli	Kaduqli	Dedai
b_lagawa	Lagawa	Lofefle
b_aydhab	Aydhab	Tendaho
b_halayeb	Halayeb	Jewaha
b_elba	Elba	Socotra
b_shalateen	Shalateen	Socotra
b_zabargad	Zabargad	Qualnsiyah
b_tisiamti	Tisiamti	Qadub
b_taiwi	Taiwi	Steroh
b_trinkitat	Trinkitat	Asma
b_tokar	Tokar	Siqirah
b_teb	Teb	Qashiu
b_kwababa	Kwababa	Qift
b_mukden	Mukden	Edfu
b_hayya	Hayya	Ballana
b_aliab	Aliab	Buhen
b_gebeit	Gebeit	Premnis
b_taris	Taris	Nubia
b_aroma	Aroma	Delgo
b_kagnarti	Kagnarti	Soleb
b_tebteb	Tebteb	Abri
b_gherset	Gherset	Akasha
b_anag	Anag	Napata
b_eirayab	Eirayab	Karima
b_nafab	Nafab	Barah
b_komotit	Komotit	Omjerky
b_tahtani	Tahtani	Malaka
b_fanoidig	Fanoidig	Wawissi
b_kerat	Kerat	Tandalti
b_kerma	Kerma	Umm Ruwaba
b_shendi	Shendi	Dalang
k_somalia	Somalia	Kaduqli
k_somalia_adj	Somalia	Lagawa
d_sennar	Alodia	Aydhab
d_sennar_adj	Alodian	Halayeb
d_hayya	Blemmyia	Elba
d_hayya_adj	Blemmyian	Shalateen
d_nobatia	Nobatia	Zabargad
d_nobatia_adj	Nobatia	Tisiamti
c_dotawo	Dotawo	Taiwi
c_dotawo_adj	Dotawo	Trinkitat
c_nobatia	Nobatia	Tokar
c_nobatia_adj	Nobatia	Teb
c_napata	Napata	Kwababa
c_napata_adj	Napata	Mukden
c_alodia	Alodia	Hayya
c_alodia_adj	Alodia	Aliab
c_kosti	Kosti	Gebeit
c_kosti_adj	Kosti	Taris
c_aydhab	Aydhab	Aroma
c_aydhab_adj	Aydhab	Kagnarti
c_suakin	Suakin	Tebteb
c_suakin_adj	Suakin	Gherset
c_trinkitat	Trinkitat	Anag
c_trinkitat_adj	Trinkitat	Eirayab
PROV623	Aral	Nafab
d_yaik	Yaik	Komotit
d_yaik_adj	Yaiki	Tahtani
d_zabulistan	Zabulistan	Fanoidig
d_zabulistan_adj	Zabuli	Kerat
c_syr_darya_adj	Syr Daryan	Kerma
b_syganak	Syganak	Shendi
b_yangikent	Yangikent	Somalia
b_djend	Djend	Somalia
c_kyzylkum_adj	Kyzyl-Kumi	Alodia
c_guryev_adj	Atyrauer	Alodian
c_inder_adj	Inderian	Blemmyia
c_kangly_adj	Kangli	Blemmyian
b_kangly	Kangly	Nobatia
c_aral_adj	Aralian	Nobatia
c_sirjan_adj	Sirjani	Dotawo
c_mandesh_adj	Mandeshian	Dotawo
b_urgench	Urgench	Nobatia
b_kyrkmolla	Kyrkmolla	Nobatia
b_kungrat	Kungrat	Napata
b_kizil_agir	Kizil Agir	Napata
b_khodjali	Khodjali	Alodia
b_ulkun	Ulkun	Alodia
b_chaghcharan	Chaghcharan	Kosti
b_banjikat	Banjikat	Kosti
b_khujand	Khujand	Aydhab
b_oshrusana	Oshrusana	Aydhab
b_isfana	Isfana	Suakin
b_kurkat	Kurkat	Suakin
b_nau	Nau	Trinkitat
d_dihistan	Dihistan	Trinkitat
d_dihistan_adj	Dihistani	Aral
d_merv	Merv	Yaik
d_merv_adj	Mervian	Yaiki
c_konjikala_adj	Konjikali	Zabulistan
c_maymana_adj	Maymanan	Zabuli
b_maymana	Maymana	Syr Daryan
b_gurziwan	Gurziwan	Syganak
b_darzab	Darzab	Yangikent
b_almar	Almar	Djend
b_bilcheragh	Bilcheragh	Kyzyl-Kumi
d_kerman	Kerman	Atyrauer
d_kerman_adj	Kermani	Inderian
k_gandhara	Gandhara	Kangli
k_gandhara_adj	Gandharan	Kangly
d_kabul	Kabulistan	Aralian
d_kabul_adj	Kabulian	Sirjani
c_ghazna_adj	Ghazni	Mandeshian
c_kabul_adj	Kabulian	Urgench
c_kunduz_adj	Kunduzi	Kyrkmolla
c_khuttal_adj	Khuttali	Kungrat
c_oshrusana_adj	Oshrusani	Kizil Agir
b_munjan	Munjan	Khodjali
b_jauz_gun	Jauz Gun	Ulkun
b_taloqan	Taloqan	Chaghcharan
b_jurm	Jurm	Banjikat
b_dushanbe	Dushanbe	Khujand
b_kabul	Kabul	Oshrusana
b_baghlan	Baghlan	Isfana
b_siminjan	Siminjan	Kurkat
b_surkh_kotal	Surkh Kotal	Nau
b_ghazna	Ghazna	Dihistan
c_bost_adj	Bostian	Dihistani
b_bost	Bost	Merv
b_kandahar	Kandahar	Mervian
b_zamindawar	Zamindawar	Konjikali
c_zaranj_adj	Zaranji	Maymanan
b_zaranj	Zaranj	Maymana
b_zahak	Zahak	Gurziwan
c_saravan_adj	Saravani	Darzab
c_ashli_adj	Ashli	Almar
c_qazan_adj	Qazani	Bilcheragh
c_pecheneg_adj	Pecheneg	Kerman
c_tobol_adj	Tobolian	Kermani
b_sibir	Sibir	Gandhara
c_sibir_adj	Sibirian	Gandharan
d_sibir	Sibir	Kabulistan
d_sibir_adj	Sibirian	Kabulian
c_ural_adj	Uralian	Ghazni
b_ural	Ural	Kabulian
b_tobol	Tobol	Kunduzi
d_yugra	Yugra	Khuttali
d_yugra_adj	Yugran	Oshrusani
b_pecheneg	Pecheneg	Munjan
b_sangin	Sangin	Jauz Gun
b_gereshk	Gereshk	Taloqan
b_chaman	Chaman	Jurm
b_chora	Chora	Dushanbe
b_panjwai	Panjwai	Kabul
b_milak	Milak	Baghlan
b_bonjar	Bonjar	Siminjan
b_nimeh	Nimeh	Surkh Kotal
b_nahrain	Nahrain	Ghazna
b_mogholan	Mogholan	Bostian
b_khomri	Khomri	Bost
b_gardez	Gardez	Kandahar
b_khost	Khost	Zamindawar
b_loman	Loman	Zaranji
b_katawaz	Katawaz	Zaranj
b_sharana	Sharana	Zahak
b_sangar	Sangar	Saravani
b_kulob	Kulob	Ashli
b_vakash	Vakash	Qazani
b_bekobod	Bekobod	Pecheneg
c_fergana_adj	Ferganan	Tobolian
b_fergana	Fergana	Sibir
b_khavakend	Khavakend	Sibirian
b_namangan	Namangan	Sibir
b_osh	Osh	Sibirian
b_uzkand	Uzkand	Uralian
b_andijan	Andijan	Ural
b_margilan	Margilan	Tobol
b_rishton	Rishton	Yugra
d_zhetysu	Zhetysu	Yugran
d_zhetysu_adj	Zhetysu	Pecheneg
d_syr_darya	Syr Darya	Sangin
d_syr_darya_adj	Syr Daryan	Gereshk
c_otrar_adj	Otrarian	Chaman
b_otrar	Otrar	Chora
b_shaulder	Shaulder	Panjwai
b_shoshkakoi	Shoshkakoi	Milak
b_chernak	Chernak	Bonjar
b_kentau	Kentau	Nimeh
b_turtkul	Turtkul	Nahrain
b_chach	Chach	Mogholan
b_navekat	Navekat	Khomri
b_sayram	Sayram	Gardez
b_isbijab	Isbijab	Khost
b_shymkent	Shymkent	Loman
b_pskent	Pskent	Katawaz
b_turbat	Turbat	Sharana
c_chuy_adj	Chuy	Sangar
b_suyab	Suyab	Kulob
b_bishkek	Bishkek	Vakash
b_almatu	Almatu	Bekobod
b_taraz	Taraz	Ferganan
b_merke	Merke	Fergana
b_tokmok	Tokmok	Khavakend
b_balasagun	Balasagun	Namangan
c_ili_adj	Ili	Osh
b_almaliq	Almaliq	Uzkand
b_kulja	Kulja	Andijan
b_koktal	Koktal	Margilan
b_tekes	Tekes	Rishton
b_kax	Kax	Zhetysu
b_kunes	Kunes	Zhetysu
b_sharyn	Sharyn	Syr Darya
c_zhetysu_adj	Zhetysu	Syr Daryan
b_sarkand	Sarkand	Otrarian
b_taldykorgan	Taldykorgan	Otrar
b_karatal	Karatal	Shaulder
b_kapchagai	Kapchagai	Shoshkakoi
b_koksu	Koksu	Chernak
b_matay	Matay	Kentau
c_karluk_adj	Karluki	Turtkul
b_nushibi	Nushibi	Chach
b_ulug_ok	Ulug-Ok	Navekat
b_alishi	Alishi	Sayram
b_sakla_baga	Sakla Baga	Isbijab
b_saryshaghan	Saryshaghan	Shymkent
b_zhaylaukol	Zhaylaukol	Pskent
c_narim_adj	Narimian	Turbat
b_narim	Narim	Chuy
b_kolta	Kolta	Suyab
b_yag	Yag	Bishkek
b_abakan	Abakan	Almatu
c_ishim_adj	Ishimian	Taraz
b_ishim	Ishim	Merke
b_esil	Esil	Tokmok
b_mamlyut	Mamlyut	Balasagun
b_ust_ishim	Ust-Ishim	Ili
d_kipchak	Kipchak	Almaliq
d_kipchak_adj	Kipchak	Kulja
c_kipchak_adj	Kipchak	Koktal
b_zhitikara	Zhitikara	Tekes
b_zhailma	Zhailma	Kax
b_kipchak	Kipchak	Kunes
b_amankaragaj	Amankaragaj	Sharyn
b_kusmuryn	Kusmuryn	Zhetysu
c_turgay_adj	Turgay	Sarkand
b_turgay	Turgay	Taldykorgan
b_ust_turgay	Ust-Turgay	Karatal
b_karakal	Karakal	Kapchagai
b_zhailyk	Zhailyk	Koksu
c_kazakh_adj	Kazakh	Matay
b_zhezdi	Zhezdi	Karluki
b_zhairem	Zhairem	Nushibi
b_zhezkazgan	Zhezkazgan	Ulug-Ok
b_karsakpay	Karsakpay	Alishi
b_jezkazgan	Jezkazgan	Sakla Baga
b_kengir	Kengir	Saryshaghan
d_kimak	Kimak	Zhaylaukol
d_kimak_adj	Kimak	Narimian
c_kimak_adj	Kimak	Narim
b_kimak	Kimak	Kolta
b_tengiz	Tengiz	Yag
b_atasu	Atasu	Abakan
b_arkalyk	Arkalyk	Ishimian
c_tura_adj	Turan	Ishim
b_tura	Tura	Esil
b_almaty	Almaty	Mamlyut
b_bestobe	Bestobe	Ust-Ishim
b_seletyteniz	Seletyteniz	Kipchak
b_teke	Teke	Kipchak
b_kishkenekol	Kishkenekol	Kipchak
c_balkhash_adj	Balkhashi	Zhitikara
b_balkhash	Balkhash	Zhailma
b_gulshat	Gulshat	Kipchak
b_shashubay	Shashubay	Amankaragaj
b_akshatau	Akshatau	Kusmuryn
b_karazhal	Karazhal	Turgay
b_aktogay	Aktogay	Turgay
b_karagandy	Karagandy	Ust-Turgay
d_kirghiz	Kirghiz	Karakal
d_kirghiz_adj	Kirghiz	Zhailyk
c_kirghiz_adj	Kirghiz	Kazakh
b_kirghiz	Kirghiz	Zhezdi
b_altay	Altay	Zhairem
b_telengit	Telengit	Zhezkazgan
b_tele	Tele	Karsakpay
b_osinniki	Osinniki	Jezkazgan
c_ket_adj	Ket	Kengir
b_ket	Ket	Kimak
b_asino	Asino	Kimak
b_ketkas	Ketkas	Kimak
b_sochur	Sochur	Kimak
b_chachamga	Chachamga	Tengiz
c_urzhar_adj	Urzhar	Atasu
b_urzhar	Urzhar	Arkalyk
b_akzhar	Akzhar	Turan
b_ayagoz	Ayagoz	Tura
b_taskesken	Taskesken	Almaty
b_zaysan	Zaysan	Bestobe
c_socotra_adj	Socotran	Seletyteniz
b_tamrida	Tamrida	Teke
b_qadheb	Qadheb	Kishkenekol
b_sherubrub	Sherubrub	Balkhashi
b_stero	Stero	Balkhash
b_rideh	Rideh	Gulshat
b_bidholeh	Bidholeh	Shashubay
b_aadel	Aadel	Akshatau
PROV615	Bashkiria	Karazhal
PROV616	Pecheneg	Aktogay
PROV889	Ural	Karagandy
PROV893	Sibir	Kirghiz
k_afghanistan	Afghanistan	Kirghiz
k_baluchistan	Baluchistan	Kirghiz
d_baluchistan	Baluchistan	Kirghiz
e_rajastan	Rajastan	Altay
k_sindh	Sindh	Telengit
d_sauvira	Sauvira	Tele
d_bhakkar	Bhakkar	Osinniki
k_punjab	Punjab	Ket
d_multan	Multan	Ket
d_lahore	Lahore	Asino
d_gandhara	Gandhara	Ketkas
k_delhi	Delhi	Sochur
d_kuru	Kuru	Chachamga
d_haritanaka	Haritanaka	Urzhar
d_mathura	Mathura	Urzhar
d_vodamayutja	Vodamayutja	Akzhar
k_gujarat	Gujarat	Ayagoz
d_gurjara_mandala	Gurjara Mandala	Taskesken
d_anartta	Anartta	Zaysan
d_saurashtra	Saurashtra	Socotran
d_lata	Lata	Tamrida
k_rajputana	Rajputana	Qadheb
d_maru	Maru	Sherubrub
d_jangladesh	Jangladesh	Stero
d_stravani	Stravani	Rideh
d_medapata	Medapata	Bidholeh
d_ajmer	Ajmer	Aadel
k_malwa	Malwa	Bashkiria
d_dadhipadra	Avanti	Pecheneg
d_akara_dasarna	Akara-Dasarna	Ural
d_anupa	Anupa	Sibir
k_kosala	Kosala	Afghanistan
d_kanyakubja	Kanyakubja	Baluchistan
d_saryupara	Saryupara	Baluchistan
d_jejakabhukti	Jejakabhukti	Rajastan
e_bengal	Bengal Empire	Sindh
e_bengal_adj	Bengal	Sauvira
k_gondwana	Gondwana	Bhakkar
d_dahala	Dahala	Punjab
d_ratanpur	Ratanpur	Multan
k_bengal	Bengal	Lahore
d_vanga	Vanga	Gandhara
d_varendra	Varendra	Delhi
d_gauda	Gauda	Kuru
d_nadia	Nadia	Haritanaka
d_suhma	Suhma	Mathura
k_kamarupa	Kamarupa	Vodamayutja
d_kamarupanagara	Kamarupanagara	Gujarat
d_para_lauhitya	Para-Lauhitya	Gurjara Mandala
d_sutiya	Sutiya	Anartta
k_orissa	Orissa	Saurashtra
d_daksina_kosala	Daksina Kosala	Lata
d_tosali	Tosali	Rajputana
d_kalinga	Kalinga	Maru
d_dandakaranya	Dandakaranya	Jangladesh
k_bihar	Bihar	Stravani
d_tirabhukti	Tirabhukti	Medapata
d_kasi	Kasi	Ajmer
d_jharkand	Jharkand	Malwa
d_magadha	Magadha	Avanti
e_deccan	Deccan Empire	Akara-Dasarna
e_deccan_adj	Deccan	Anupa
k_maharastra	Maharastra	Kosala
d_vidharba	Vidharba	Kanyakubja
d_konkana	Konkana	Saryupara
d_nasikya	Nasikya	Jejakabhukti
d_devagiri	Devagiri	Bengal Empire
d_rattapadi	Rattapadi	Bengal
k_karnata	Karnata	Gondwana
d_kalyani	Kalyani	Dahala
d_gangavadi	Gangavadi	Ratanpur
d_nulambavadi	Nulambavadi	Bengal
d_raichur_doab	Raichur Doab	Vanga
k_tamilakam	Tamilakam	Varendra
d_chola_nadu	Chola Nadu	Gauda
d_pandya_nadu	Pandya Nadu	Nadia
d_chera_nadu	Chera Nadu	Suhma
d_tondai_nadu	Tondai Nadu	Kamarupa
k_andhra	Andhra	Kamarupanagara
d_vengi	Vengi	Para-Lauhitya
d_udayagiri	Udayagiri	Sutiya
k_telingana	Telingana	Orissa
d_warangal	Warangal	Daksina Kosala
d_racakonda	Racakonda	Tosali
k_lanka	Lanka	Kalinga
d_lanka	Lanka	Dandakaranya
d_sinhala	Sinhala	Bihar
c_cholamandalam	Cholamandalam	Tirabhukti
c_cholamandalam_adj	Cholamandalam	Kasi
b_tanjavur	Tanjavur	Jharkand
b_uraiyur	Uraiyur	Magadha
b_nagapattinam	Nagapattinam	Deccan Empire
b_kannanur	Kannanur	Deccan
b_gangaikondacolapuram	Gangaikondacolapuram	Maharastra
b_srirangam	Srirangam	Vidharba
b_kumbhakarna	Kumbhakarna	Konkana
c_tagadur	Tagadur	Nasikya
c_tagadur_adj	Tagadurian	Devagiri
b_tagadur	Tagadur	Rattapadi
b_satyamangalam	Satyamangalam	Karnata
b_jinji	Jinji	Kalyani
b_tirukkovalur	Tirukkovalur	Gangavadi
b_padaividu	Padaividu	Nulambavadi
b_siyyamangalam	Siyyamangalam	Raichur Doab
c_madurai	Madurai	Tamilakam
c_madurai_adj	Maduraian	Chola Nadu
b_madurai	Madurai	Pandya Nadu
b_srivilliputtur	Srivilliputtur	Chera Nadu
b_ramesvaram	Ramesvaram	Tondai Nadu
b_kilakarai	Kilakarai	Andhra
b_ramnadhapuram	Ramnadhapuram	Vengi
b_tiruparankunram	Tiruparankunram	Udayagiri
b_anaimalai	Anaimalai	Telingana
c_tirunelveli	Tirunelveli	Warangal
c_tirunelveli_adj	Tirunelvelian	Racakonda
b_tirunelveli	Tirunelveli	Lanka
b_kayattar	Kayattar	Lanka
b_korkai	Korkai	Sinhala
b_kayal	Kayal	Cholamandalam
b_kalugumalai	Kalugumalai	Cholamandalam
b_tiruvalisvaram	Tiruvalisvaram	Tanjavur
c_kongu	Kongu	Uraiyur
c_kongu_adj	Kongu	Nagapattinam
b_karavur	Karavur	Kannanur
b_erode	Erode	Gangaikondacolapuram
b_perur	Perur	Srirangam
b_dharapuri	Dharapuri	Kumbhakarna
b_hemambika	Hemambika	Tagadur
b_sendamangalam	Sendamangalam	Tagadurian
b_tiruppur	Tiruppur	Tagadur
b_namakkal	Namakkal	Satyamangalam
b_sankagiri	Sankagiri	Jinji
c_tenkasi	Tenkasi	Tirukkovalur
c_tenkasi_adj	Tenkasi	Padaividu
b_tenkasi	Tenkasi	Siyyamangalam
b_dindigul	Dindigul	Madurai
b_sankaranayinarkovil	Sankaranayinarkovil	Maduraian
b_palayamcottai	Palayamcottai	Madurai
b_tirumalapuram	Tirumalapuram	Srivilliputtur
b_aivarmalai	Aivarmalai	Ramesvaram
c_kanchipuram	Kanchipuram	Kilakarai
c_kanchipuram_adj	Kanchipuram	Ramnadhapuram
b_kanchipuram	Kanchipuram	Tiruparankunram
b_uttaramerur	Uttaramerur	Anaimalai
b_mailapur	Mailapur	Tirunelveli
b_rajagiri	Rajagiri	Tirunelvelian
b_koodalur	Koodalur	Tirunelveli
b_takkaloma	Takkaloma	Kayattar
b_alampuravi	Alampuravi	Korkai
c_potapi	Potapi	Kayal
c_potapi_adj	Potapi	Kalugumalai
b_potapi	Potapi	Tiruvalisvaram
b_kaveripattinam	Kaveripattinam	Kongu
b_tirupati	Tirupati	Kongu
b_kalahasti	Kalahasti	Karavur
b_melpadi	Melpadi	Erode
b_tiruvannamalai	Tiruvannamalai	Perur
b_virincipuram	Virincipuram	Dharapuri
c_mahoyadapuram	Mahoyadapuram	Hemambika
c_mahoyadapuram_adj	Mahoyadapuram	Sendamangalam
b_mahoyadapuram	Mahoyadapuram	Tiruppur
b_udagai	Udagai	Namakkal
b_kaladi	Kaladi	Sankagiri
b_kunjakari	Kunjakari	Tenkasi
b_tripunittura	Tripunittura	Tenkasi
b_kaviyur	Kaviyur	Tenkasi
b_kadungallur	Kadungallur	Dindigul
c_venadu	Venadu	Sankaranayinarkovil
c_venadu_adj	Venadu	Palayamcottai
b_vizhinjam	Vizhinjam	Tirumalapuram
b_kollam	Kollam	Aivarmalai
b_kanya_kumari	Kanya Kumari	Kanchipuram
b_anantasayanam	Anantasayanam	Kanchipuram
b_kandalur	Kandalur	Kanchipuram
b_nagercoil	Nagercoil	Uttaramerur
c_qalqut	Qalqut	Mailapur
c_qalqut_adj	Qalquttan	Rajagiri
b_calicut	Calicut	Koodalur
b_nediyiruppu	Nediyiruppu	Takkaloma
b_kannur	Kannur	Alampuravi
b_urakam	Urakam	Potapi
b_vatakara	Vatakara	Potapi
b_parappanangadi	Parappanangadi	Potapi
b_chaliyam	Chaliyam	Kaveripattinam
c_kanara	Kanara	Tirupati
c_kanara_adj	Kanaran	Kalahasti
b_udayavara	Udayavara	Melpadi
b_udupi	Udupi	Tiruvannamalai
b_mangalur	Mangalur	Virincipuram
b_dharmasthala	Dharmasthala	Mahoyadapuram
b_kasargod	Kasargod	Mahoyadapuram
b_kadarika	Kadarika	Mahoyadapuram
c_kalyani	Kalyani	Udagai
c_kalyani_adj	Kalyani	Kaladi
b_kalyani	Kalyani	Kunjakari
b_narayanapur	Narayanapur	Tripunittura
b_umapur	Umapur	Kaviyur
b_hanakuni	Hanakuni	Kadungallur
b_ausa	Ausa	Venadu
c_bidar	Bidar	Venadu
c_bidar_adj	Bidaran	Vizhinjam
b_bidar	Bidar	Kollam
b_avarwadi	Avarwadi	Kanya Kumari
b_kamthana	Kamthana	Anantasayanam
b_bhalki	Bhalki	Kandalur
b_jalasangvi	Jalasangvi	Nagercoil
b_bhatambra	Bhatambra	Qalqut
b_tekadee	Tekadee	Qalquttan
c_manyakheta	Manyakheta	Calicut
c_manyakheta_adj	Manyakhetan	Nediyiruppu
b_manyakheta	Manyakheta	Kannur
b_yadavagiri	Yadavagiri	Urakam
b_sedam	Sedam	Vatakara
b_gulbarga	Gulbarga	Parappanangadi
b_kovilkonda	Kovilkonda	Chaliyam
b_firuzabad	Firuzabad	Kanara
c_sagar	Sagar	Kanaran
c_sagar_adj	Sagaran	Udayavara
b_sagar	Sagar	Udupi
b_bagavadi	Bagavadi	Mangalur
b_pattadakal	Pattadakal	Dharmasthala
b_talikota	Talikota	Kasargod
b_sorapur	Sorapur	Kadarika
b_bagalkot	Bagalkot	Kalyani
c_srirangapatna	Srirangapatna	Kalyani
c_srirangapatna_adj	Srirangapatnan	Kalyani
b_srirangapatna	Srirangapatna	Narayanapur
b_shravanabelagola	Shravanabelagola	Umapur
b_periyapatna	Periyapatna	Hanakuni
b_panasoge	Panasoge	Ausa
b_nanjarayapattana	Nanjarayapattana	Bidar
b_belapura	Belapura	Bidaran
b_mysore	Mysore	Bidar
c_talakad	Talakad	Avarwadi
c_talakad_adj	Talakadian	Kamthana
b_talakad	Talakad	Bhalki
b_veppur	Veppur	Jalasangvi
b_somanathapura	Somanathapura	Bhatambra
b_ummattur	Ummattur	Tekadee
b_sivasamudram	Sivasamudram	Manyakheta
b_kotagiri	Kotagiri	Manyakhetan
b_narasamangala	Narasamangala	Manyakheta
b_nanjangud	Nanjangud	Yadavagiri
c_manyapura	Manyapura	Sedam
c_manyapura_adj	Manyapuran	Gulbarga
b_manyapura	Manyapura	Kovilkonda
b_aralaguppe	Aralaguppe	Firuzabad
b_turuvekere	Turuvekere	Sagar
b_kikkeri	Kikkeri	Sagaran
b_melukote	Melukote	Sagar
b_govindanahalli	Govindanahalli	Bagavadi
b_basaralu	Basaralu	Pattadakal
c_nandagiri	Nandagiri	Talikota
c_nandagiri_adj	Nandagiri	Sorapur
b_nandagiri	Nandagiri	Bagalkot
b_kuvalala	Kuvalala	Srirangapatna
b_avani	Avani	Srirangapatnan
b_kundani	Kundani	Srirangapatna
b_nangali	Nangali	Shravanabelagola
b_kurudumale	Kurudumale	Periyapatna
b_mulavagil	Mulavagil	Panasoge
c_uchangidurga	Uchangidurga	Nanjarayapattana
c_uchangidurga_adj	Uchangidurgan	Belapura
b_uchangidurga	Uchangidurga	Mysore
b_parivi	Parivi	Talakad
b_hemavati	Hemavati	Talakadian
b_sira	Sira	Talakad
b_harihar	Harihar	Veppur
b_chitradurga	Chitradurga	Somanathapura
b_nidugallu	Nidugallu	Ummattur
c_dwarasamudra	Dwarasamudra	Sivasamudram
c_dwarasamudra_adj	Dwarasamudran	Kotagiri
b_dwarasamudra	Dwarasamudra	Narasamangala
b_belur	Belur	Nanjangud
b_sosavur	Sosavur	Manyapura
b_hassan	Hassan	Manyapuran
b_koravangala	Koravangala	Manyapura
b_arasikere	Arasikere	Aralaguppe
b_javagallu	Javagallu	Turuvekere
c_alampur	Alampur	Kikkeri
c_alampur_adj	Alampuran	Melukote
b_alampur	Alampur	Govindanahalli
b_gooty	Gooty	Basaralu
b_kampili	Kampili	Nandagiri
b_hampi	Hampi	Nandagiri
b_adavani	Adavani	Nandagiri
b_ittagi	Ittagi	Kuvalala
b_vijayanagara	Vijayanagara	Avani
c_idatarainadu	Idatarainadu	Kundani
c_idatarainadu_adj	Idatarainadu	Nangali
b_mudgal	Mudgal	Kurudumale
b_gabburu	Gabburu	Mulavagil
b_raichur	Raichur	Uchangidurga
b_jaladurga	Jaladurga	Uchangidurgan
b_hemagudda	Hemagudda	Uchangidurga
b_kammatadurga	Kammatadurga	Parivi
b_manvi	Manvi	Hemavati
c_kudalasangama	Kudalasangama	Sira
c_kudalasangama_adj	Kudalasangaman	Harihar
b_kudalasangama	Kudalasangama	Chitradurga
b_koppam	Koppam	Nidugallu
b_musangi	Musangi	Dwarasamudra
b_anegundi	Anegundi	Dwarasamudran
b_bagali	Bagali	Dwarasamudra
b_kuknur	Kuknur	Belur
b_dambal	Dambal	Sosavur
c_banavasi	Banavasi	Hassan
c_banavasi_adj	Banavasi	Koravangala
b_vaijayanti	Vaijayanti	Arasikere
b_hangal	Hangal	Javagallu
b_balligavi	Balligavi	Alampur
b_vankapura	Vankapura	Alampuran
b_lakkundi	Lakkundi	Alampur
b_candragutti	Candragutti	Gooty
b_kuruvatti	Kuruvatti	Kampili
b_ikkeri	Ikkeri	Hampi
b_sringeri	Sringeri	Adavani
c_vatapi	Vatapi	Ittagi
c_vatapi_adj	Vatapi	Vijayanagara
b_vatapi	Vatapi	Idatarainadu
b_venugrama	Venugrama	Idatarainadu
b_parasgad	Parasgad	Mudgal
b_aihole	Aihole	Gabburu
b_halasi	Halasi	Raichur
b_dharwar	Dharwar	Jaladurga
c_acalapura	Acalapura	Hemagudda
c_acalapura_adj	Acalapuran	Kammatadurga
b_acalapura	Acalapura	Manvi
b_narnala	Narnala	Kudalasangama
b_amravati	Amravati	Kudalasangaman
b_kalam	Kalam	Kudalasangama
b_yavatmal	Yavatmal	Koppam
b_bhojapur	Bhojapur	Musangi
c_ramagiri	Ramagiri	Anegundi
c_ramagiri_adj	Ramagiri	Bagali
b_ramagiri	Ramagiri	Kuknur
b_pavnar	Pavnar	Dambal
b_nandivardhana	Nandivardhana	Banavasi
b_mansar	Mansar	Banavasi
c_kherla	Kherla	Vaijayanti
c_kherla_adj	Kherlan	Hangal
b_kherla	Kherla	Balligavi
b_pachmarhi	Pachmarhi	Vankapura
b_anjangaon	Anjangaon	Lakkundi
b_gawilghar	Gawilghar	Candragutti
c_canda	Canda	Kuruvatti
c_canda_adj	Candan	Ikkeri
b_canda	Canda	Sringeri
b_ballarpur	Ballarpur	Vatapi
b_nagbhid	Nagbhid	Vatapi
b_rajura	Rajura	Vatapi
b_gadchiroli	Gadchiroli	Venugrama
c_vairagara	Vairagara	Parasgad
c_vairagara_adj	Vairagaran	Aihole
b_vairagara	Vairagara	Halasi
b_bhandugara	Bhandugara	Dharwar
b_cikamburika	Cikamburika	Acalapura
b_gondia	Gondia	Acalapuran
c_goa	Goa	Acalapura
c_goa_adj	Goan	Narnala
b_gopakapattana	Gopakapattana	Amravati
b_gheria	Gheria	Kalam
b_mathagram	Mathagram	Yavatmal
b_kapardikadvipa	Kapardikadvipa	Bhojapur
b_chandrapur	Chandrapur	Ramagiri
b_chitrakul	Chitrakul	Ramagiri
c_thana	Thana	Ramagiri
c_thana_adj	Thanan	Pavnar
b_thana	Thana	Nandivardhana
b_dabhol	Dabhol	Mansar
b_kanhagiri	Kanhagiri	Kherla
b_chaul	Chaul	Kherlan
b_mahim	Mahim	Kherla
b_bassein	Bassein	Pachmarhi
b_janjira	Janjira	Anjangaon
c_honnore	Honnore	Gawilghar
c_honnore_adj	Honnoran	Canda
b_honnore	Honnore	Candan
b_bhatkal	Bhatkal	Canda
b_gokarna	Gokarna	Ballarpur
b_barkur	Barkur	Nagbhid
b_mookambika	Mookambika	Rajura
b_karwar	Karwar	Gadchiroli
c_nasikya	Nasikya	Vairagara
c_nasikya_adj	Nasikyan	Vairagaran
b_nasikya	Nasikya	Vairagara
b_seunapura	Seunapura	Bhandugara
b_patta	Patta	Cikamburika
b_saptashrungi	Saptashrungi	Gondia
b_ratangad	Ratangad	Goa
b_igatpuri	Igatpuri	Goan
b_tryambaka	Tryambaka	Gopakapattana
c_nandurbar	Nandurbar	Gheria
c_nandurbar_adj	Nandurbaran	Mathagram
b_nandurbar	Nandurbar	Kapardikadvipa
b_bhambhagiri	Bhambhagiri	Chandrapur
b_chandor	Chandor	Chitrakul
b_malegaon	Malegaon	Thana
b_songarh	Songarh	Thanan
b_sultanpur	Sultanpur	Thana
b_mayuragiri	Mayuragiri	Dabhol
c_kondana	Kondana	Kanhagiri
c_kondana_adj	Kondanan	Chaul
b_kondana	Kondana	Mahim
b_puna	Puna	Bassein
b_bhimashankara	Bhimashankara	Janjira
b_chakan	Chakan	Honnore
b_junir	Junir	Honnoran
b_raigad	Raigad	Honnore
b_purandar	Purandar	Bhatkal
b_tikona	Tikona	Gokarna
b_rajmachi	Rajmachi	Barkur
b_sudhagad	Sudhagad	Mookambika
c_devagiri	Devagiri	Karwar
c_devagiri_adj	Devagiri	Nasikya
b_devagiri	Devagiri	Nasikyan
b_ellora	Ellora	Nasikya
b_khuldabad	Khuldabad	Seunapura
b_grishneshwar	Grishneshwar	Patta
b_sillod	Sillod	Saptashrungi
b_vaijapur	Vaijapur	Ratangad
c_pratishthana	Pratishthana	Igatpuri
c_pratishthana_adj	Pratishthanan	Tryambaka
b_pratishthana	Pratishthana	Nandurbar
b_harishchandragad	Harishchandragad	Nandurbaran
b_chambargonda	Chambargonda	Nandurbar
b_patkapur	Patkapur	Bhambhagiri
b_bhingar	Bhingar	Chandor
b_ahmednagar	Ahmednagar	Malegaon
c_vatsagulma	Vatsagulma	Songarh
c_vatsagulma_adj	Vatsagulman	Sultanpur
b_vatsagulma	Vatsagulma	Mayuragiri
b_jalna	Jalna	Kondana
b_satgaon	Satgaon	Kondanan
b_lonar	Lonar	Kondana
b_manora	Manora	Puna
b_nandura	Nandura	Bhimashankara
c_nanded	Nanded	Chakan
c_nanded_adj	Nanded	Junir
b_nanded	Nanded	Raigad
b_aurad	Aurad	Purandar
b_qandhar	Qandhar	Tikona
b_shelgaon	Shelgaon	Rajmachi
b_pathri	Pathri	Sudhagad
b_parbhani	Parbhani	Devagiri
c_parnakheta	Parnakheta	Devagiri
c_parnakheta_adj	Parnakhetan	Devagiri
b_parnakheta	Parnakheta	Ellora
b_akola	Akola	Khuldabad
b_mahkar	Mahkar	Grishneshwar
b_ambadapura	Ambadapura	Sillod
b_karanja	Karanja	Vaijapur
b_buldhana	Buldhana	Pratishthana
c_lattalura	Lattalura	Pratishthanan
c_lattalura_adj	Lattaluran	Pratishthana
b_lattalura	Lattalura	Harishchandragad
b_bir	Bir	Chambargonda
b_barshi	Barshi	Patkapur
b_udgir	Udgir	Bhingar
b_tagara	Tagara	Ahmednagar
b_darur	Darur	Vatsagulma
c_naldurg	Naldurg	Vatsagulman
c_naldurg_adj	Naldurgan	Vatsagulma
b_naldurg	Naldurg	Jalna
b_sonnalagi	Sonnalagi	Satgaon
b_tuljapur	Tuljapur	Lonar
b_paranda	Paranda	Manora
b_karmala	Karmala	Nandura
b_dharaseo	Dharaseo	Nanded
c_kolhapur	Kolhapur	Nanded
c_kolhapur_adj	Kolhapuran	Nanded
b_kolhapur	Kolhapur	Aurad
b_kurundaka	Kurundaka	Qandhar
b_karahataka	Karahataka	Shelgaon
b_pranala	Pranala	Pathri
b_satara	Satara	Parbhani
b_manapura	Manapura	Parnakheta
b_miraj	Miraj	Parnakhetan
c_taradavadi	Taradavadi	Parnakheta
c_taradavadi_adj	Taradavadi	Akola
b_taradavadi	Taradavadi	Mahkar
b_viyapura	Viyapura	Ambadapura
b_saundatti	Saundatti	Karanja
b_hastikundi	Hastikundi	Buldhana
b_pandharpur	Pandharpur	Lattalura
b_sangole	Sangole	Lattaluran
c_vengipura	Vengipura	Lattalura
c_vengipura_adj	Vengipuran	Bir
b_vengipura	Vengipura	Barshi
b_eluru	Eluru	Udgir
b_dwarakatirumala	Dwarakatirumala	Tagara
b_kondapalli	Kondapalli	Darur
b_palakollu	Palakollu	Naldurg
b_bandarulanka	Bandarulanka	Naldurgan
b_narasapuram	Narasapuram	Naldurg
c_vijayawada	Vijayawada	Sonnalagi
c_vijayawada_adj	Vijayawadan	Tuljapur
b_vijayawada	Vijayawada	Paranda
b_kondavidu	Kondavidu	Karmala
b_chebrolu	Chebrolu	Dharaseo
b_masula	Masula	Kolhapur
b_guntur	Guntur	Kolhapuran
b_peddapalli	Peddapalli	Kolhapur
c_pithapuram	Pithapuram	Kurundaka
c_pithapuram_adj	Pithapuram	Karahataka
b_pithapuram	Pithapuram	Pranala
b_mandapeta	Mandapeta	Satara
b_draksharama	Draksharama	Manapura
b_somarama	Somarama	Miraj
b_samalkota	Samalkota	Taradavadi
b_kakinada	Kakinada	Taradavadi
c_rajamahendravaram	Rajamahendravaram	Taradavadi
c_rajamahendravaram_adj	Rajamahendravaram	Viyapura
b_rajamahendravaram	Rajamahendravaram	Saundatti
b_kuwakonda	Kuwakonda	Hastikundi
b_dantewada	Dantewada	Pandharpur
b_kirandul	Kirandul	Sangole
b_barsoor	Barsoor	Vengipura
c_udayagiri	Udayagiri	Vengipuran
c_udayagiri_adj	Udayagiri	Vengipura
b_udayagiri	Udayagiri	Eluru
b_srisailam	Srisailam	Dwarakatirumala
b_vallurapura	Vallurapura	Kondapalli
b_nandyal	Nandyal	Palakollu
b_sriparvata	Sriparvata	Bandarulanka
b_gandikota	Gandikota	Narasapuram
b_mahanandi	Mahanandi	Vijayawada
b_kanipakam	Kanipakam	Vijayawadan
c_amaravati	Amaravati	Vijayawada
c_amaravati_adj	Amaravati	Kondavidu
b_amaravati	Amaravati	Chebrolu
b_vinukonda	Vinukonda	Masula
b_dhanyakataka	Dhanyakataka	Guntur
b_macherla	Macherla	Peddapalli
b_gurazala	Gurazala	Pithapuram
b_kotappakonda	Kotappakonda	Pithapuram
b_ahobalam	Ahobalam	Pithapuram
c_penugonda	Penugonda	Mandapeta
c_penugonda_adj	Penugondan	Draksharama
b_penugonda	Penugonda	Somarama
b_suragiri	Suragiri	Samalkota
b_anantapur	Anantapur	Kakinada
b_togarakunta	Togarakunta	Rajamahendravaram
b_gurramkonda	Gurramkonda	Rajamahendravaram
b_rayadurgam	Rayadurgam	Rajamahendravaram
b_uravakonda	Uravakonda	Kuwakonda
b_lepakshi	Lepakshi	Dantewada
c_nellore	Nellore	Kirandul
c_nellore_adj	Nellore	Barsoor
b_nellore	Nellore	Udayagiri
b_kandukura	Kandukura	Udayagiri
b_addanki	Addanki	Udayagiri
b_tripurantakam	Tripurantakam	Srisailam
b_gundigapuri	Gundigapuri	Vallurapura
b_mutapali	Mutapali	Nandyal
c_orangallu	Orangallu	Sriparvata
c_orangallu_adj	Orangallu	Gandikota
b_warangal	Warangal	Mahanandi
b_palampet	Palampetv	Kanipakam
b_kothakonda	Kothakonda	Amaravati
b_anumakonda	Anumakonda	Amaravati
b_molangoor	Molangoor	Amaravati
b_bhadrakali	Bhadrakali	Vinukonda
c_kambampet	Kambampet	Dhanyakataka
c_kambampet_adj	Kambampetian	Macherla
b_kambampet	Kambampet	Gurazala
b_bhadrachalam	Bhadrachalam	Kotappakonda
b_nelakondapalli	Nelakondapalli	Ahobalam
b_penuballi	Penuballi	Penugonda
b_suryapet	Suryapet	Penugondan
b_madupalli	Madupalli	Penugonda
b_shahpura	Shahpura	Suragiri
c_vemulavada	Vemulavada	Anantapur
c_vemulavada_adj	Vemulavadan	Togarakunta
b_vemulavada	Vemulavada	Gurramkonda
b_kaulas	Kaulas	Rayadurgam
b_kaleshwaram	Kaleshwaram	Uravakonda
b_indur	Indur	Lepakshi
b_ramgarh	Ramgarh	Nellore
b_potali	Potali	Nellore
c_balkonda	Balkonda	Nellore
c_balkonda_adj	Balkondan	Kandukura
b_balkonda	Balkonda	Addanki
b_mahur	Mahur	Tripurantakam
b_basara	Basara	Gundigapuri
b_nirmal	Nirmal	Mutapali
b_manikdurg	Manikdurg	Orangallu
b_dharmapuri	Dharmapuri	Orangallu
c_racakonda	Racakonda	Warangal
c_racakonda_adj	Racakondan	Palampetv
b_racakonda	Racakonda	Kothakonda
b_bhuvanagiri	Bhuvanagiri	Anumakonda
b_manchal	Manchal	Molangoor
b_yadagirigutta	Yadagirigutta	Bhadrakali
c_nilagiri	Nilagiri	Kambampet
c_nilagiri_adj	Nilagiri	Kambampetian
b_nilagiri	Nilagiri	Kambampet
b_avulagadda	Avulagadda	Bhadrachalam
b_panagallu	Panagallu	Nelakondapalli
b_maheshwaram	Maheshwaram	Penuballi
b_devarakonda	Devarakonda	Suryapet
b_vadapally	Vadapally	Madupalli
c_pannagallu	Pannagallu	Shahpura
c_pannagallu_adj	Pannagallu	Vemulavada
b_pannagallu	Pannagallu	Vemulavadan
b_nagarkurnool	Nagarkurnool	Vemulavada
b_charakonda	Charakonda	Kaulas
b_mutudugu	Mutudugu	Kaleshwaram
b_ghanpur	Ghanpur	Indur
c_medak	Medak	Ramgarh
c_medak_adj	Medak	Potali
b_medak	Medak	Balkonda
b_domakonda	Domakonda	Balkondan
b_kohir	Kohir	Balkonda
b_mardi	Mardi	Mahur
b_ananthagiri	Ananthagiri	Basara
c_kollipake	Kollipake	Nirmal
c_kollipake_adj	Kollipake	Manikdurg
b_kollipake	Kollipake	Dharmapuri
b_karmanghat	Karmanghat	Racakonda
b_golkonda	Golkonda	Racakondan
b_chilkur_balaji	Chilkur Balaji	Racakonda
b_devaryamjal	Devaryamjal	Bhuvanagiri
c_sripuri	Sripuri	Manchal
c_sripuri_adj	Sripuri	Yadagirigutta
b_sripuri	Sripuri	Nilagiri
b_rajiva_lochana	Rajiva-Lochana	Nilagiri
b_nuapada	Nuapada	Nilagiri
b_bagbahara	Bagbahara	Avulagadda
b_basna	Basna	Panagallu
c_rayapura	Rayapura	Maheshwaram
c_rayapura_adj	Rayapuran	Devarakonda
b_rayapura	Rayapura	Vadapally
b_rajim	Rajim	Pannagallu
b_shivapura	Shivapura	Pannagallu
b_shivadurga	Shivadurga	Pannagallu
b_nandgram	Nandgram	Nagarkurnool
c_suvarnapura	Suvarnapura	Charakonda
c_suvarnapura_adj	Suvarnapuran	Mutudugu
b_suvarnapura	Suvarnapura	Ghanpur
b_kalahandi	Kalahandi	Medak
b_yajatinagara	Yajatinagara	Medak
b_vinitapura	Vinitapura	Medak
b_agalpur	Agalpur	Domakonda
b_patna	Patna	Kohir
b_bargarh	Bargarh	Mardi
c_sambalpur	Sambalpur	Ananthagiri
c_sambalpur_adj	Sambalpuran	Kollipake
b_sambalpur	Sambalpur	Kollipake
b_ranipur	Ranipur	Kollipake
b_samaleswari	Samaleswari	Karmanghat
b_rajgangpur	Rajgangpur	Golkonda
b_bimaleswar	Bimaleswar	Chilkur Balaji
b_maneswar	Maneswar	Devaryamjal
c_kiranapura	Kiranapura	Sripuri
c_kiranapura_adj	Kiranapuran	Sripuri
b_kiranapura	Kiranapura	Sripuri
b_balaghat	Balaghat	Rajiva-Lochana
b_lanji	Lanji	Nuapada
c_kataka	Kataka	Bagbahara
c_kataka_adj	Katakan	Basna
b_katak	Katak	Rayapura
b_bhubaneswar	Bhubaneswar	Rayapuran
b_dhauli	Dhauli	Rayapura
b_athgarh	Athgarh	Rajim
b_sarala	Sarala	Shivapura
b_sakshigopal	Sakshigopal	Shivadurga
c_viraja	Viraja	Nandgram
c_viraja_adj	Virajan	Suvarnapura
b_viraja	Viraja	Suvarnapuran
b_raibania	Raibania	Suvarnapura
b_mahavinayak	Mahavinayak	Kalahandi
b_bhadrak	Bhadrak	Yajatinagara
b_anandpur	Anandpur	Vinitapura
b_soro	Soro	Agalpur
b_baleshvara	Baleshvara	Patna
c_khinjali_mandala	Khinjali Mandala	Bargarh
c_khinjali_mandala_adj	Khinjali	Sambalpur
b_khinjali	Khinjali	Sambalpuran
b_nilamadhav	Nilamadhav	Sambalpur
b_nayagarh	Nayagarh	Ranipur
b_baramba	Baramba	Samaleswari
c_kodalaka_mandala	Kodalaka Mandala	Rajgangpur
c_kodalaka_mandala_adj	Kodalaka	Bimaleswar
b_kodalaka	Kodalaka	Maneswar
b_bajrakot	Bajrakot	Kiranapura
b_deogarh	Deogarh	Kiranapuran
b_talcher	Talcher	Kiranapura
b_dhenkanal	Dhenkanal	Balaghat
b_kapilash	Kapilash	Lanji
b_joranda_gadhi	Joranda Gadhi	Kataka
b_karamul	Karamul	Katakan
c_khijjingakota	Khijjingakota	Katak
c_khijjingakota_adj	Khijjingakotan	Bhubaneswar
b_khijjinga	Khijjinga	Dhauli
b_asanapat	Asanapat	Athgarh
b_sitabhinji	Sitabhinji	Sarala
b_kirianagar	Kirianagar	Sakshigopal
b_bahalda	Bahalda	Viraja
b_baripada	Baripada	Virajan
b_ghatagaon	Ghatagaon	Viraja
c_puri	Puri	Raibania
c_puri_adj	Puri	Mahavinayak
b_puri	Puri	Bhadrak
b_buguda	Buguda	Anandpur
b_jaugada	Jaugada	Soro
b_aska	Aska	Baleshvara
b_ganjam	Ganjam	Khinjali Mandala
b_taratarini	Taratarini	Khinjali
b_gopalpur	Gopalpur	Khinjali
c_swetaka_mandala	Swetaka Mandala	Nilamadhav
c_swetaka_mandala_adj	Swetakan	Nayagarh
b_swetakapura	Swetakapura	Baramba
b_rayagada	Rayagada	Kodalaka Mandala
b_umerkote	Umerkote	Kodalaka
b_badakhemundi	Badakhemundi	Kodalaka
c_kalinganagar	Kalinganagar	Bajrakot
c_kalinganagar_adj	Kalinganagaran	Deogarh
b_mandasa	Mandasa	Talcher
b_kalinganagara	Kalinganagara	Dhenkanal
b_kalingapattanam	Kalingapattanam	Kapilash
b_srikurmam	Srikurmam	Joranda Gadhi
b_srikakulam	Srikakulam	Karamul
c_vizagipatam	Vizagipatam	Khijjingakota
c_vizagipatam_adj	Vizagipatam	Khijjingakotan
b_vizagipatam	Vizagipatam	Khijjinga
b_simhachalam	Simhachalam	Asanapat
b_anakapalle	Anakapalle	Sitabhinji
b_kotipalli	Kotipalli	Kirianagar
b_bavikonda	Bavikonda	Bahalda
b_bheemunipatnam	Bheemunipatnam	Baripada
c_cakrakuta	Cakrakuta	Ghatagaon
c_cakrakuta_adj	Cakrakutan	Puri
b_cakrakuta	Cakrakuta	Puri
b_jagdalpur	Jagdalpur	Puri
b_kanker	Kanker	Buguda
c_barasuru	Barasuru	Jaugada
c_barasuru_adj	Barasuru	Aska
b_barasuru	Barasuru	Ganjam
c_nandapur	Nandapur	Taratarini
c_nandapur_adj	Nandapuran	Gopalpur
b_nandapur	Nandapur	Swetaka Mandala
b_dharamgarh	Dharamgarh	Swetakan
b_koraput	Koraput	Swetakapura
b_junagarh	Junagarh	Rayagada
b_jeypore	Jeypore	Umerkote
c_tripuri	Tripuri	Badakhemundi
c_tripuri_adj	Tripuri	Kalinganagar
b_tripuri	Tripuri	Kalinganagaran
b_mandla	Mandla	Mandasa
b_garha	Garha	Kalinganagara
c_chauragarh	Chauragarh	Kalingapattanam
c_chauragarh_adj	Chauragarh	Srikurmam
b_chauragarh	Chauragarh	Srikakulam
b_bohani	Bohani	Vizagipatam
b_barman	Barman	Vizagipatam
c_bandhugadha	Bandhugadha	Vizagipatam
c_bandhugadha_adj	Bandhugadhan	Simhachalam
b_bandhugadha	Bandhugadha	Anakapalle
b_shahdol	Shahdol	Kotipalli
b_virateshwar	Virateshwar	Bavikonda
b_bahoriband	Bahoriband	Bheemunipatnam
c_tummana	Tummana	Cakrakuta
c_tummana_adj	Tummanan	Cakrakutan
b_tummana	Tummana	Cakrakuta
b_amarkantak	Amarkantak	Jagdalpur
b_manendragarh	Manendragarh	Kanker
c_ratanpur	Ratanpur	Barasuru
c_ratanpur_adj	Ratanpuran	Barasuru
b_ratanpur	Ratanpur	Barasuru
b_saravpur	Saravpur	Nandapur
b_savarinarayana	Savarinarayana	Nandapuran
c_bikrampur	Bikrampur	Nandapur
c_bikrampur_adj	Bikrampuran	Dharamgarh
b_bikrampur	Bikrampur	Koraput
b_sutrapur	Sutrapur	Junagarh
b_dhakeshwari_jatiya_mandir	Dhakeshwari Jatiya Mandir	Jeypore
b_loricol	Loricol	Tripuri
b_shakhari_bazar	Shakhari Bazar	Tripuri
b_hajiganj	Hajiganj	Tripuri
c_kumara_mandala	Kumara Mandala	Mandla
c_kumara_mandala_adj	Kumaran	Garha
b_kumarakhali	Kumarakhali	Chauragarh
b_fathabad	Fathabad	Chauragarh
b_ekdala	Ekdala	Chauragarh
b_katasgarh	Katasgarh	Bohani
c_candradvipa	Candradvipa	Barman
c_candradvipa_adj	Candradvipan	Bandhugadha
b_candradvipa	Candradvipa	Bandhugadhan
b_khulna	Khulna	Bandhugadha
b_sathkira	Sathkira	Shahdol
b_bagerhat	Bagerhat	Virateshwar
b_bakarganj	Bakarganj	Bahoriband
c_samatata	Samatata	Tummana
c_samatata_adj	Samatatan	Tummanan
b_devaparvata	Devaparvata	Tummana
b_chatigama	Chatigama	Amarkantak
b_candranatha	Candranatha	Manendragarh
c_karmanta	Karmanta	Ratanpur
c_karmanta_adj	Karmantan	Ratanpuran
b_karmanta	Karmanta	Ratanpur
b_mainamati	Mainamati	Saravpur
b_unakoti	Unakoti	Savarinarayana
b_udaipur	Udaipur	Bikrampur
c_madhupur	Madhupur	Bikrampuran
c_madhupur_adj	Madhupuran	Bikrampur
b_madhupur	Madhupur	Sutrapur
b_pabna	Pabna	Dhakeshwari Jatiya Mandir
b_bogra	Bogra	Loricol
b_baghabarihat	Baghabarihat	Shakhari Bazar
c_pundravardhana	Pundravardhana	Hajiganj
c_pundravardhana_adj	Pundravardhanan	Kumara Mandala
b_pundravardhana	Pundravardhana	Kumaran
b_mahasthangarh	Mahasthangarh	Kumarakhali
b_somapura_mahavihara	Somapura Mahavihara	Fathabad
b_totaram_panditer_dhap	Totaram Panditer Dhap	Ekdala
b_khulnar_dhap	Khulnar Dhap	Katasgarh
b_bhimer_jangal	Bhimer Jangal	Candradvipa
b_ghoraghat	Ghoraghat	Candradvipan
c_suvarnagram	Suvarnagram	Candradvipa
c_suvarnagram_adj	Suvarnagraman	Khulna
b_narikella	Narikella	Sathkira
b_suvarnagram	Suvarnagram	Bagerhat
b_satkhira	Satkhira	Bakarganj
b_susanga	Susanga	Samatata
b_bokainagar	Bokainagar	Samatatan
c_gauda	Gauda	Devaparvata
c_gauda_adj	Gaudan	Chatigama
b_karnasubarna	Karnasubarna	Candranatha
b_raktamrittika	Raktamrittika	Karmanta
b_tarapith	Tarapith	Karmantan
b_adinatha_mandir	Adinatha Mandir	Karmanta
b_agmahl	Agmahl	Mainamati
b_teliagarhi	Teliagarhi	Unakoti
c_radha	Radha	Udaipur
c_radha_adj	Radhan	Madhupur
b_lakhnor	Lakhnor	Madhupuran
b_kalyaneshwari	Kalyaneshwari	Madhupur
b_katwa	Katwa	Pabna
b_gopbhum	Gopbhum	Bogra
b_ichhai_ghoshgarh	Ichhai Ghoshgarh	Baghabarihat
b_hirapur	Hirapur	Pundravardhana
c_laksmanavati	Laksmanavati	Pundravardhanan
c_laksmanavati_adj	Laksmanavati	Pundravardhana
b_laksmanavati	Laksmanavati	Mahasthangarh
b_gaur	Gaur	Somapura Mahavihara
b_malda	Malda	Totaram Panditer Dhap
b_rampur_boalia	Rampur Boalia	Khulnar Dhap
b_pandua	Pandua	Bhimer Jangal
b_puthia	Puthia	Ghoraghat
c_kotivarsa	Kotivarsa	Suvarnagram
c_kotivarsa_adj	Kotivarsan	Suvarnagraman
b_ramavati	Ramavati	Narikella
b_devkot	Devkot	Suvarnagram
b_bangarh	Bangarh	Satkhira
b_jagaddala	Jagaddala	Susanga
b_korat	Korat	Bokainagar
b_siliguri	Siliguri	Gauda
c_nabadwipa	Nabadwipa	Gaudan
c_nabadwipa_adj	Nabadwipan	Karnasubarna
b_nabadwipa	Nabadwipa	Raktamrittika
b_krishnagar	Krishnagar	Tarapith
b_pancharatna	Pancharatna	Adinatha Mandir
b_bidhyanandikathi	Bidhyanandikathi	Agmahl
b_madhyadwip	Madhyadwip	Teliagarhi
b_godrumdwip	Godrumdwip	Radha
b_ritudwip	Ritudwip	Radhan
c_saptagrama	Saptagrama	Lakhnor
c_saptagrama_adj	Saptagraman	Kalyaneshwari
b_saptagrama	Saptagrama	Katwa
b_bansberia	Bansberia	Gopbhum
b_chinsura	Chinsura	Ichhai Ghoshgarh
b_mahanad	Mahanad	Hirapur
b_tribeni	Tribeni	Laksmanavati
b_shantipur	Shantipur	Laksmanavati
c_vijayapura	Vijayapura	Laksmanavati
c_vijayapura_adj	Vijayapuran	Gaur
b_vijayapura	Vijayapura	Malda
b_begunia	Begunia	Rampur Boalia
b_patuli	Patuli	Pandua
b_kalna	Kalna	Puthia
b_churulia	Churulia	Kotivarsa
b_dishergarh	Dishergarh	Kotivarsan
c_tamralipti	Tamralipti	Ramavati
c_tamralipti_adj	Tamralipti	Devkot
b_tamralipti	Tamralipti	Bangarh
b_sagardwip	Sagardwip	Jagaddala
b_jahajghata	Jahajghata	Korat
b_chandraketugarh	Chandraketugarh	Siliguri
b_ishwaripur	Ishwaripur	Nabadwipa
c_midnapore	Midnapore	Nabadwipan
c_midnapore_adj	Midnaporan	Nabadwipa
b_midnapore	Midnapore	Krishnagar
b_moghalmari	Moghalmari	Pancharatna
b_dantan	Dantan	Bidhyanandikathi
b_kashipur	Kashipur	Madhyadwip
b_hilji	Hilji	Godrumdwip
c_mallabhum	Mallabhum	Ritudwip
c_mallabhum_adj	Mallabhum	Saptagrama
b_bishnupur	Bishnupur	Saptagraman
b_dihar	Dihar	Saptagrama
b_baghmundi	Baghmundi	Bansberia
b_mandaran	Mandaran	Chinsura
b_chandrakona	Chandrakona	Mahanad
b_garhbeta	Garhbeta	Tribeni
c_kamarupanagara	Kamarupanagara	Shantipur
c_kamarupanagara_adj	Kamarupanagaran	Vijayapura
b_kamarupanagara	Kamarupanagara	Vijayapuran
b_pragyotisapura	Pragyotisapura	Vijayapura
b_madan_kamdev	Madan Kamdev	Begunia
b_hajo	Hajo	Patuli
b_durjaya	Durjaya	Kalna
b_manikuta	Manikuta	Churulia
b_dariyaon	Dariyaon	Dishergarh
c_kamatapur	Kamatapur	Tamralipti
c_kamatapur_adj	Kamatapuran	Tamralipti
b_kamatapur	Kamatapur	Tamralipti
b_nalrajar_garh	Nalrajar Garh	Sagardwip
b_mainaguri	Mainaguri	Jahajghata
b_japyesvara	Japyesvara	Chandraketugarh
b_bhitagarh	Bhitagarh	Ishwaripur
c_goalpara	Goalpara	Midnapore
c_goalpara_adj	Goalparan	Midnaporan
b_goalpara	Goalpara	Midnapore
b_sri_surya_pahar	Sri Surya Pahar	Moghalmari
b_kamakhya	Kamakhya	Dantan
b_dhubri	Dhubri	Kashipur
c_dimapur	Dimapur	Hilji
c_dimapur_adj	Dimapuran	Mallabhum
b_dimapur	Dimapur	Mallabhum
b_herombial	Herombial	Bishnupur
b_oddiyana2	Oddiyana	Dihar
b_maibong	Maibong	Baghmundi
c_srihatta	Srihatta	Mandaran
c_srihatta_adj	Srihattan	Chandrakona
b_srihatta	Srihatta	Garhbeta
b_habiganj	Habiganj	Kamarupanagara
b_egarosindur	Egarosindur	Kamarupanagaran
b_nasirabad	Nasirabad	Kamarupanagara
b_jangalbari	Jangalbari	Pragyotisapura
c_haruppeswara	Haruppeswara	Madan Kamdev
c_haruppeswara_adj	Haruppeswaran	Hajo
b_haruppeswara	Haruppeswara	Durjaya
b_numaligarh	Numaligarh	Manikuta
b_dibarumukh	Dibarumukh	Dariyaon
b_charaideo	Charaideo	Kamatapur
c_kundina	Kundina	Kamatapuran
c_kundina_adj	Kundinan	Kamatapur
b_kundina	Kundina	Nalrajar Garh
b_prithiminagar	Prithiminagar	Mainaguri
b_sadiya	Sadiya	Japyesvara
b_tinsukia	Tinsukia	Bhitagarh
c_mithila	Mithila	Goalpara
c_mithila_adj	Mithilan	Goalparan
b_mithila	Mithila	Goalpara
b_yavamajjhaka	Yavamajjhaka	Sri Surya Pahar
b_saligrama	Saligrama	Kamakhya
b_sugauna	Sugauna	Dhubri
b_darbhanga	Darbhanga	Dimapur
b_hajipur	Hajipur	Dimapuran
b_siwan	Siwan	Dimapur
c_kusinagara	Kusinagara	Herombial
c_kusinagara_adj	Kusinagaran	Oddiyana
b_kusinagara	Kusinagara	Maibong
b_lumbini	Lumbini	Srihatta
b_padrauna	Padrauna	Srihattan
b_ramagrama	Ramagrama	Srihatta
b_pava	Pava	Habiganj
b_chapra	Chapra	Egarosindur
c_simaramapura	Simaramapura	Nasirabad
c_simaramapura_adj	Simaramapuran	Jangalbari
b_simaramapura	Simaramapura	Haruppeswara
b_kesaria	Kesaria	Haruppeswaran
b_bhaktagrama	Bhaktagrama	Haruppeswara
b_kathmandu	Kathmandu	Numaligarh
b_pattana	Pattana	Dibarumukh
b_bettiah	Bettiah	Charaideo
b_vaid	Vaid	Kundina
c_varanasi	Varanasi	Kundinan
c_varanasi_adj	Varanasi	Kundina
b_varanasi	Varanasi	Prithiminagar
b_sarnath	Sarnath	Sadiya
b_bhadohi	Bhadohi	Tinsukia
b_ballia	Ballia	Mithila
b_durga_mandir	Durga Mandir	Mithilan
b_kashi_vishwanath	Kashi Vishwanath	Mithila
c_jaunpur	Jaunpur	Yavamajjhaka
c_jaunpur_adj	Jaunpur	Saligrama
b_kerarkot	Kerarkot	Sugauna
b_gadhipuri	Gadhipuri	Darbhanga
b_dohrighat	Dohrighat	Hajipur
b_jaunpur	Jaunpur	Siwan
b_amethi	Amethi	Kusinagara
b_haldi	Haldi	Kusinagaran
b_tanda	Tanda	Kusinagara
c_chunar	Chunar	Lumbini
c_chunar_adj	Chunar	Padrauna
b_chunar	Chunar	Ramagrama
b_vindhyachal	Vindhyachal	Pava
b_kantit	Kantit	Chapra
c_munda	Munda	Simaramapura
c_munda_adj	Munda	Simaramapuran
b_chutia	Chutia	Simaramapura
b_ratu	Ratu	Kesaria
b_marang_buru	Marang Buru	Bhaktagrama
c_jharkand	Jharkand	Kathmandu
c_jharkand_adj	Jharkand	Pattana
b_koriya	Koriya	Bettiah
b_kandra	Kandra	Vaid
b_ambikapur	Ambikapur	Varanasi
c_damin_i_koh	Damin-i-Koh	Varanasi
c_damin_i_koh_adj	Damin-i-Koh	Varanasi
b_deogarh2	Deogarh	Sarnath
b_shikarji	Shikarji	Bhadohi
c_rajrappa	Rajrappa	Ballia
c_rajrappa_adj	Rajrappa	Durga Mandir
b_rajrappa	Rajrappa	Kashi Vishwanath
b_kenduli	Kenduli	Jaunpur
c_magadha	Magadha	Jaunpur
c_magadha_adj	Magadha	Kerarkot
b_pataliputra	Pataliputra	Gadhipuri
b_odantapuri	Odantapuri	Dohrighat
b_maner	Maner	Jaunpur
b_barh	Barh	Amethi
b_bihar_sharif	Bihar Sharif	Haldi
b_rajagrha	Rajagrha	Tanda
b_triveni	Triveni	Chunar
c_sasaram	Sasaram	Chunar
c_sasaram_adj	Sasaram	Chunar
b_sasaram	Sasaram	Vindhyachal
b_jaund	Jaund	Kantit
b_mundeshwari	Mundeshwari	Munda
b_arrah	Arrah	Munda
b_horilnagar	Horilnagar	Chutia
c_rothas	Rothas	Ratu
c_rothas_adj	Rothas	Marang Buru
b_rohtas	Rohtas	Jharkand
b_rohtasgarh	Rohtasgarh	Jharkand
b_rohtasan	Rohtasan	Koriya
b_betla	Betla	Kandra
b_palamau	Palamau	Ambikapur
c_mudgagiri	Mudgagiri	Damin-i-Koh
c_mudgagiri_adj	Mudgagiri	Damin-i-Koh
b_mudgagiri	Mudgagiri	Deogarh
b_kahalgaon	Kahalgaon	Shikarji
b_campa	Campa	Rajrappa
b_vikramasila	Vikramasila	Rajrappa
b_karnagarh	Karnagarh	Rajrappa
b_jahnugiri	Jahnugiri	Kenduli
b_lakhisarai	Lakhisarai	Magadha
c_gaya	Gaya	Magadha
c_gaya_adj	Gaya	Pataliputra
b_gaya	Gaya	Odantapuri
b_bodh_gaya	Bodh Gaya	Maner
b_elahabad	Elahabad	Barh
b_nalanda	Nalanda	Bihar Sharif
b_sherghati	Sherghati	Rajagrha
b_nawada	Nawada	Triveni
c_kanyakubja	Kanyakubja	Sasaram
c_kanyakubja_adj	Kanyakubjan	Sasaram
b_kanyakubja	Kanyakubja	Sasaram
b_jajmau	Jajmau	Jaund
b_bithor	Bithor	Mundeshwari
b_etawah	Etawah	Arrah
b_swargdwari	Swargdwari	Horilnagar
b_kampil	Kampil	Rothas
b_jai_chandra	Jai Chandra	Rothas
c_lakhnau	Lakhnau	Rohtas
c_lakhnau_adj	Lakhnau	Rohtasgarh
b_lakhnau	Lakhnau	Rohtasan
b_jasnaul	Jasnaul	Betla
b_satrikh	Satrikh	Palamau
b_hardoi	Hardoi	Mudgagiri
b_zaidpur	Zaidpur	Mudgagiri
c_kalpi	Kalpi	Mudgagiri
c_kalpi_adj	Kalpi	Kahalgaon
b_kalpi	Kalpi	Campa
b_jalaun	Jalaun	Vikramasila
b_lahar	Lahar	Karnagarh
b_oirai	Oirai	Jahnugiri
b_kurara	Kurara	Lakhisarai
b_konch	Konch	Gaya
c_bharauli	Bharauli	Gaya
c_bharauli_adj	Bharauli	Gaya
b_bharauli	Bharauli	Bodh Gaya
b_manikpur	Manikpur	Elahabad
b_lalganj	Lalganj	Nalanda
b_bhadri	Bhadri	Sherghati
c_prayaga	Prayaga	Nawada
c_prayaga_adj	Prayaga	Kanyakubja
b_prayaga	Prayaga	Kanyakubjan
b_daraganj	Daraganj	Kanyakubja
b_alopibagh	Alopibagh	Jajmau
b_kausambi	Kausambi	Bithor
b_chowk	Chowk	Etawah
b_kara	Kara	Swargdwari
b_dariyabad	Dariyabad	Kampil
c_asni	Asni	Jai Chandra
c_asni_adj	Asni	Lakhnau
b_asni2	Asni	Lakhnau
b_bhitargaon	Bhitargaon	Lakhnau
b_kora	Kora	Jasnaul
b_musanagar	Musanagar	Satrikh
b_shivrajpur	Shivrajpur	Hardoi
b_bindki	Bindki	Zaidpur
b_khaga	Khaga	Kalpi
c_naimisa	Naimisa	Kalpi
c_naimisa_adj	Naimisan	Kalpi
b_naimisa	Naimisa	Jalaun
b_bahraich	Bahraich	Lahar
b_gonda	Gonda	Oirai
b_lakhimpur	Lakhimpur	Kurara
b_sitapur	Sitapur	Konch
b_misrikh	Misrikh	Bharauli
c_sravasti	Sravasti	Bharauli
c_sravasti_adj	Sravasti	Bharauli
b_sravasti	Sravasti	Manikpur
b_barohiya	Barohiya	Lalganj
b_jetavana	Jetavana	Bhadri
b_amorha	Amorha	Prayaga
b_gorakhnath_math	Gorakhnath Math	Prayaga
b_gorakhpur	Gorakhpur	Prayaga
b_maghar	Maghar	Daraganj
c_ayodhya	Ayodhya	Alopibagh
c_ayodhya_adj	Ayodhya	Kausambi
b_ayodhya	Ayodhya	Chowk
b_ramkot	Ramkot	Kara
b_ram_janmabhoomi	Ram Janmabhoomi	Dariyabad
b_nageshwarnath	Nageshwarnath	Asni
b_hanuman_garhi	Hanuman Garhi	Asni
b_faizabad	Faizabad	Asni
b_sarairasi	Sarairasi	Bhitargaon
c_mahoba	Mahoba	Kora
c_mahoba_adj	Mahoban	Musanagar
b_mahoba	Mahoba	Shivrajpur
b_chitrakuta	Chitrakuta	Bindki
b_hamirpur	Hamirpur	Khaga
b_ajaigarh	Ajaigarh	Naimisa
b_rath	Rath	Naimisan
c_kalanjara	Kalanjara	Naimisa
c_kalanjara_adj	Kalanjaran	Bahraich
b_kalinjar	Kalinjar	Gonda
b_khajuraho	Khajuraho	Lakhimpur
b_jayapura	Jayapura	Sitapur
b_bhatta	Bhatta	Misrikh
b_panna	Panna	Sravasti
b_devendranagar	Devendranagar	Sravasti
c_damoh	Damoh	Sravasti
c_damoh_adj	Damoh	Barohiya
b_damoh	Damoh	Jetavana
b_dhamoni	Dhamoni	Amorha
b_nohta	Nohta	Gorakhnath Math
b_singrampur	Singrampur	Gorakhpur
b_narsinghgarh	Narsinghgarh	Maghar
c_gurgi	Gurgi	Ayodhya
c_gurgi_adj	Gurgi	Ayodhya
b_gurgi	Gurgi	Ayodhya
b_satna	Satna	Ramkot
b_bathgahora	Bathgahora	Ram Janmabhoomi
b_chandrehi	Chandrehi	Nageshwarnath
c_delhi	Delhi	Hanuman Garhi
c_delhi_adj	Delhi	Faizabad
b_indraprastha	Indraprastha	Sarairasi
b_dhilika	Dhilika	Mahoba
b_mehrauli	Mehrauli	Mahoban
b_lalkot	Lalkot	Mahoba
b_narela	Narela	Chitrakuta
b_siri	Siri	Hamirpur
b_jahanpanah	Jahanpanah	Ajaigarh
b_lori_berd	Lori Berd	Rath
b_dzegh	Dzegh	Kalanjara
b_dmanis	Dmanis	Kalanjaran
b_agarak	Agarak	Kalinjar
b_hovk	Hovk	Khajuraho
b_erkan	Erkan	Jayapura
c_hastinapura	Hastinapura	Bhatta
c_hastinapura_adj	Hastinapuran	Panna
b_hastinapura	Hastinapura	Devendranagar
b_pandeshwar	Pandeshwar	Damoh
b_pankot	Pankot	Damoh
b_indrasthana	Indrasthana	Damoh
b_mirath	Mirath	Dhamoni
b_baran	Baran	Nohta
b_hapur	Hapur	Singrampur
c_sthanisvara	Sthanisvara	Narsinghgarh
c_sthanisvara_adj	Sthanisvaran	Gurgi
b_saharanpur	Saharanpur	Gurgi
b_sthanisvara	Sthanisvara	Gurgi
b_shakumbhri_devi	Shakumbhri Devi	Satna
b_sirhind	Sirhind	Bathgahora
b_karnal	Karnal	Chandrehi
b_samana	Samana	Delhi
b_panipat	Panipat	Delhi
c_hisar	Hisar	Indraprastha
c_hisar_adj	Hisar	Dhilika
b_asigarh	Asigarh	Mehrauli
b_asika	Asika	Lalkot
b_surajkund	Surajkund	Narela
b_rohtak	Rohtak	Siri
b_hisar	Hisar	Jahanpanah
b_kalanaur	Kalanaur	Lori Berd
b_agroha	Agroha	Dzegh
c_tribandapura	Tribandapura	Dmanis
c_tribandapura_adj	Tribandapuran	Agarak
b_tribandapura	Tribandapura	Hovk
b_sunam	Sunam	Erkan
b_jaintpuri	Jaintpuri	Hastinapura
b_kartikeya	Kartikeya	Hastinapuran
b_amin	Amin	Hastinapura
c_sarasvati	Sarasvati	Pandeshwar
c_sarasvati_adj	Sarasvati	Pankot
b_sarasvati	Sarasvati	Indrasthana
b_bhadra	Bhadra	Mirath
b_bhatnir	Bhatnir	Baran
b_tarain	Tarain	Hapur
c_mathura	Mathura	Sthanisvara
c_mathura_adj	Mathuran	Sthanisvaran
b_mathura	Mathura	Saharanpur
b_krishnajanmabhoomi	Krishnajanmabhoomi	Sthanisvara
b_govardhan	Govardhan	Shakumbhri Devi
b_vrindavan	Vrindavan	Sirhind
b_mankameshwar	Mankameshwar	Karnal
b_agra	Agra	Samana
b_khanwa	Khanwa	Panipat
b_dhanauli	Dhanauli	Hisar
c_kol	Kol	Hisar
c_kol_adj	Kol	Asigarh
b_dor	Dor	Asika
b_kol	Kol	Surajkund
b_soron	Soron	Rohtak
b_nilavati	Nilavati	Hisar
b_etah	Etah	Kalanaur
b_barauli	Barauli	Agroha
c_sripatha	Sripatha	Tribandapura
c_sripatha_adj	Sripathan	Tribandapuran
b_sripatha	Sripatha	Tribandapura
b_bayana	Bayana	Sunam
b_dhavalapuri	Dhavalapuri	Jaintpuri
b_dholeshwar_mahadev	Dholeshwar Mahadev	Kartikeya
b_abanhagari	Abanhagari	Amin
c_vodamayutja	Vodamayutja	Sarasvati
c_vodamayutja_adj	Vodamayutjan	Sarasvati
b_vodamayutja	Vodamayutja	Sarasvati
b_ahichatra	Ahichatra	Bhadra
b_tilokpur	Tilokpur	Bhatnir
b_anwala	Anwala	Tarain
b_bareily	Bareily	Mathura
b_sheikhupur	Sheikhupur	Mathuran
c_sambhal	Sambhal	Mathura
c_sambhal_adj	Sambhal	Krishnajanmabhoomi
b_sambhal	Sambhal	Govardhan
b_tattandapura	Tattandapura	Vrindavan
b_ujhani	Ujhani	Mankameshwar
b_amroha	Amroha	Agra
b_sirsi	Sirsi	Khanwa
b_bachhraon	Bachhraon	Dhanauli
c_katehar	Katehar	Kol
c_katehar_adj	Kateharan	Kol
b_mandawar	Mandawar	Dor
b_bijnor	Bijnor	Kol
b_gangadvara	Gangadvara	Soron
b_rishikesh	Rishikesh	Nilavati
b_nehtaur	Nehtaur	Etah
b_kartikeyapura	Kartikeyapura	Barauli
b_jageshwar	Jageshwar	Sripatha
c_dadhipadra	Dadhipadra	Sripathan
c_dadhipadra_adj	Dadhipadran	Sripatha
b_dadhipadra	Dadhipadra	Bayana
b_pavagadh	Pavagadh	Dhavalapuri
b_champaner	Champaner	Dholeshwar Mahadev
b_godhra	Godhra	Abanhagari
b_kalika_mata	Kalika Mata	Vodamayutja
b_jawad	Jawad	Vodamayutjan
c_dhara	Dhara	Vodamayutja
c_dhara_adj	Dhara	Ahichatra
b_dhara	Dhara	Tilokpur
b_betma	Betma	Anwala
b_dharampuri	Dharampuri	Bareily
b_indore	Indore	Sheikhupur
b_depalpur	Depalpur	Sambhal
b_jobat	Jobat	Sambhal
b_sailana	Sailana	Sambhal
c_dasapura	Dasapura	Tattandapura
c_dasapura_adj	Dasapuran	Ujhani
b_dasapura	Dasapura	Amroha
b_sondani	Sondani	Sirsi
b_dharmrajeshwar	Dharmrajeshwar	Bachhraon
b_hinglajgarh	Hinglajgarh	Katehar
b_taxakeshwar	Taxakeshwar	Kateharan
c_ujjayini	Ujjayini	Mandawar
c_ujjayini_adj	Ujjayini	Bijnor
b_ujjayini	Ujjayini	Gangadvara
b_mahakaleshwar	Mahakaleshwar	Rishikesh
b_mehidpur	Mehidpur	Nehtaur
b_dewas	Dewas	Kartikeyapura
b_maksi	Maksi	Jageshwar
b_akodia	Akodia	Dadhipadra
c_sarangpur	Sarangpur	Dadhipadran
c_sarangpur_adj	Sarangpuran	Dadhipadra
b_sarangpur	Sarangpur	Pavagadh
b_ashta	Ashta	Champaner
b_sidhhapur	Sidhhapur	Godhra
b_gagraun	Gagraun	Kalika Mata
b_rajgarh	Rajgarh	Jawad
b_jhalawar	Jhalawar	Dhara
c_vidisa	Vidisa	Dhara
c_vidisa_adj	Vidisa	Dhara
b_vidisa	Vidisa	Betma
b_sanchi	Sanchi	Dharampuri
b_sironj	Sironj	Indore
b_bijamandal	Bijamandal	Depalpur
b_raisin	Raisin	Jobat
b_bhojpur	Bhojpur	Sailana
b_mangla_devi	Mangla Devi	Dasapura
c_chanderi	Chanderi	Dasapuran
c_chanderi_adj	Chanderi	Dasapura
b_chanderi	Chanderi	Sondani
b_jhansi	Jhansi	Dharmrajeshwar
b_luacchagiri	Luacchagiri	Hinglajgarh
b_garh_kundar	Garh Kundar	Taxakeshwar
b_jarai_ka_math	Jarai-ka-Math	Ujjayini
b_khurai	Khurai	Ujjayini
b_aharji	Aharji	Ujjayini
c_candhoba	Candhoba	Mahakaleshwar
c_candhoba_adj	Candhoban	Mehidpur
b_candhoba	Candhoba	Dewas
b_sipri	Sipri	Maksi
b_guna	Guna	Akodia
b_kadwaya	Kadwaya	Sarangpur
c_mandapika	Mandapika	Sarangpuran
c_mandapika_adj	Mandapikan	Sarangpur
b_mandapika	Mandapika	Ashta
b_bawangaja	Bawangaja	Sidhhapur
b_maheshwar	Maheshwar	Gagraun
b_borgarh	Borgarh	Rajgarh
b_avasgarh	Avasgarh	Jhalawar
c_asirgarh	Asirgarh	Vidisa
c_asirgarh_adj	Asirgarh	Vidisa
b_asirgarh	Asirgarh	Vidisa
b_khandwa	Khandwa	Sanchi
b_khargone	Khargone	Sironj
b_mandleshwar	Mandleshwar	Bijamandal
b_sanawad	Sanawad	Raisin
c_burhanpur	Burhanpur	Bhojpur
c_burhanpur_adj	Burhanpuran	Mangla Devi
b_burhanpur	Burhanpur	Chanderi
b_erandol	Erandol	Chanderi
b_vaghli	Vaghli	Chanderi
b_changdev	Changdev	Jhansi
b_yawal	Yawal	Luacchagiri
c_thalner	Thalner	Garh Kundar
c_thalner_adj	Thalner	Jarai-ka-Math
b_thalner	Thalner	Khurai
b_balasane	Balasane	Aharji
b_sindkheda	Sindkheda	Candhoba
b_bhamer	Bhamer	Candhoban
b_jhodga	Jhodga	Candhoba
b_laling	Laling	Sipri
b_amalner	Amalner	Guna
c_sarasvata_mandala	Sarasvata Mandala	Kadwaya
c_sarasvata_mandala_adj	Sarasvatan	Mandapika
b_anahilapataka	Anahilapataka	Mandapikan
b_vadnagar	Vadnagar	Mandapika
b_siddhapura	Siddhapura	Bawangaja
b_kamboika	Kamboika	Maheshwar
b_modhera	Modhera	Borgarh
b_idar	Idar	Avasgarh
b_kheralu	Kheralu	Asirgarh
b_shertha	Shertha	Asirgarh
c_khetaka	Khetaka	Asirgarh
c_khetaka_adj	Khetakan	Khandwa
b_khetaka	Khetaka	Khargone
b_khambhat	Khambhat	Mandleshwar
b_dholka	Dholka	Sanawad
b_tarapur	Tarapur	Burhanpur
b_ashaval	Ashaval	Burhanpuran
b_nadiad	Nadiad	Burhanpur
b_bhadran	Bhadran	Erandol
b_sanand	Sanand	Vaghli
c_mohadavasaka	Mohadavasaka	Changdev
c_mohadavasaka_adj	Mohadavasakan	Yawal
b_mohadavasaka	Mohadavasaka	Thalner
b_jhalod	Jhalod	Thalner
b_lunawada	Lunawada	Thalner
b_shamlaji	Shamlaji	Balasane
b_unjha	Unjha	Sindkheda
b_danta	Danta	Bhamer
c_dhamalpur	Dhamalpur	Jhodga
c_dhamalpur_adj	Dhamalpuran	Laling
b_dhamalpur	Dhamalpur	Amalner
b_morvi	Morvi	Sarasvata Mandala
b_lakhota	Lakhota	Sarasvatan
b_halvad	Halvad	Anahilapataka
b_khasta	Khasta	Vadnagar
c_dvaraka	Dvaraka	Siddhapura
c_dvaraka_adj	Dvarakan	Kamboika
b_dvaraka	Dvaraka	Modhera
b_lalpur	Lalpur	Idar
b_dwarakadheesh	Dwarakadheesh	Kheralu
b_gomati	Gomati	Shertha
b_bhanvad	Bhanvad	Khetaka
c_kutch	Kutch	Khetakan
c_kutch_adj	Kutch	Khetaka
b_kanthakota	Kanthakota	Khambhat
b_anjar	Anjar	Dholka
b_dhaneti	Dhaneti	Tarapur
b_bhuj	Bhuj	Ashaval
c_bhumilka	Bhumilka	Nadiad
c_bhumilka_adj	Bhumilkan	Bhadran
b_vamanasthali	Vamanasthali	Sanand
b_bhumilka	Bhumilka	Mohadavasaka
b_girnar	Girnar	Mohadavasakan
b_uperkot	Uperkot	Mohadavasaka
b_bhavnat	Bhavnat	Jhalod
b_mangrol	Mangrol	Lunawada
b_shrinagar	Shrinagar	Shamlaji
c_somnath	Somnath	Unjha
c_somnath_adj	Somnath	Danta
b_vejalkot	Vejalkot	Dhamalpur
b_somnath	Somnath	Dhamalpuran
b_delvada	Delvada	Dhamalpur
b_diu	Diu	Morvi
b_veraval	Veraval	Lakhota
b_kanjetar	Kanjetar	Halvad
b_moherak	Moherak	Khasta
c_vardhamana	Vardhamana	Dvaraka
c_vardhamana_adj	Vardhamana	Dvarakan
b_vardhamana	Vardhamana	Dvaraka
b_amarvalli	Amarvalli	Lalpur
b_ranpur	Ranpur	Dwarakadheesh
c_valabhi	Valabhi	Gomati
c_valabhi_adj	Valabhi	Bhanvad
b_valabhi	Valabhi	Kutch
b_gundigar	Gundigar	Kutch
b_sihor	Sihor	Kanthakota
b_palatina	Palatina	Anjar
b_shatrunjaya	Shatrunjaya	Dhaneti
b_dhandhuka	Dhandhuka	Bhuj
c_navasarika	Navasarika	Bhumilka
c_navasarika_adj	Navasarikan	Bhumilkan
b_akruresvara	Akruresvara	Vamanasthali
b_navasarika	Navasarika	Bhumilka
b_bharuch	Bharuch	Girnar
b_surat	Surat	Uperkot
b_rander	Rander	Bhavnat
b_dharampur	Dharampur	Mangrol
b_variav	Variav	Shrinagar
b_rajpipla	Rajpipla	Somnath
b_tadkeshwar	Tadkeshwar	Somnath
c_daman	Daman	Vejalkot
c_daman_adj	Daman	Somnath
b_daman	Daman	Delvada
b_sanjan	Sanjan	Diu
b_surparaka	Surparaka	Veraval
b_nagar_haveli	Nagar Haveli	Kanjetar
b_pardi	Pardi	Moherak
b_bulsar	Bulsar	Vardhamana
b_ramnagar	Ramnagar	Vardhamana
c_vadodara	Vadodara	Vardhamana
c_vadodara_adj	Vadodaran	Amarvalli
b_vadodara	Vadodara	Ranpur
b_ankotakka	Ankotakka	Valabhi
b_kayavarohan	Kayavarohan	Valabhi
b_vatpatrak	Vatpatrak	Valabhi
b_darbhavati	Darbhavati	Gundigar
b_nasvadi	Nasvadi	Sihor
c_mandavyapura	Mandavyapura	Palatina
c_mandavyapura_adj	Mandavyapuran	Shatrunjaya
b_mandavyapura	Mandavyapura	Dhandhuka
b_siwana	Siwana	Navasarika
b_osian	Osian	Navasarikan
b_sanderaka	Sanderaka	Akruresvara
b_korta	Korta	Navasarika
b_mathania	Mathania	Bharuch
b_ghanerao	Ghanerao	Surat
c_medantaka	Medantaka	Rander
c_medantaka_adj	Medantakan	Dharampur
b_medantaka	Medantaka	Variav
b_purnatallakapura	Purnatallakapura	Rajpipla
b_phalarddhi	Phalarddhi	Tadkeshwar
b_sanjoo	Sanjoo	Daman
c_godwad	Godwad	Daman
c_godwad_adj	Godwadan	Daman
b_candravati	Candravati	Sanjan
b_bhillamala	Bhillamala	Surparaka
b_jalor	Jalor	Nagar Haveli
b_barodiya	Barodiya	Pardi
b_achalgarh	Achalgarh	Bulsar
b_naddula	Naddula	Ramnagar
b_khudala	Khudala	Vadodara
c_vikramapura	Vikramapura	Vadodaran
c_vikramapura_adj	Vikramapuran	Vadodara
b_vikramapura	Vikramapura	Ankotakka
b_kolayat	Kolayat	Kayavarohan
b_bhurupal	Bhurupal	Vatpatrak
b_bhandasar	Bhandasar	Darbhavati
b_shekhsar	Shekhsar	Nasvadi
c_reni	Reni	Mandavyapura
c_reni_adj	Reni	Mandavyapuran
b_reni	Reni	Mandavyapura
b_dadrewa	Dadrewa	Siwana
b_mandir	Mandir	Osian
b_bidasar	Bidasar	Sanderaka
b_sidhmukh	Sidhmukh	Korta
c_nagauda	Nagauda	Mathania
c_nagauda_adj	Nagaudan	Ghanerao
b_ahichhatrapur	Ahichhatrapur	Medantaka
b_nagauda	Nagauda	Medantakan
b_ladnu	Ladnu	Medantaka
b_makrana	Makrana	Purnatallakapura
b_ladnun	Ladnun	Phalarddhi
b_kuchaman	Kuchaman	Sanjoo
b_mundwa	Mundwa	Godwad
c_ludrava	Ludrava	Godwadan
c_ludrava_adj	Ludravan	Candravati
b_ludrava	Ludrava	Bhillamala
b_phalavardhika	Phalavardhika	Jalor
b_lanela	Lanela	Barodiya
b_jaisalmer	Jaisalmer	Achalgarh
b_pali	Pali	Naddula
c_vijnot	Vijnot	Khudala
c_vijnot_adj	Vijnot	Vikramapura
b_vijnot	Vijnot	Vikramapuran
b_bhatiya	Bhatiya	Vikramapura
b_kishangarh	Kishangarh	Kolayat
b_ghotki	Ghotki	Bhurupal
c_satyapura	Satyapura	Bhandasar
c_satyapura_adj	Satyapuran	Shekhsar
b_kiratakupa	Kiratakupa	Reni
b_satyapura	Satyapura	Reni
b_kiradu	Kiradu	Reni
b_juna_barmer	Juna Barmer	Dadrewa
c_medapata	Medapata	Mandir
c_medapata_adj	Medapatan	Bidasar
b_aghata	Aghata	Sidhmukh
b_eklingji	Eklingji	Nagauda
b_nagahrada	Nagahrada	Nagaudan
b_bagar	Bagar	Ahichhatrapur
b_jagadamba	Jagadamba	Nagauda
b_sas_bahu	Sas Bahu	Ladnu
b_rishabhdeo	Rishabhdeo	Makrana
c_chitrakut	Chitrakut	Ladnun
c_chitrakut_adj	Chitrakutan	Kuchaman
b_chitrakut	Chitrakut	Mundwa
b_rampura	Rampura	Ludrava
b_baroli	Baroli	Ludravan
b_bhainsrorgarh	Bhainsrorgarh	Ludrava
b_mandalgarh	Mandalgarh	Phalavardhika
b_nagari	Nagari	Lanela
c_kota	Kota	Jaisalmer
c_kota_adj	Kotan	Pali
b_kota	Kota	Vijnot
b_koshvardhan	Koshvardhan	Vijnot
b_bundi	Bundi	Vijnot
b_taragarh	Taragarh	Bhatiya
c_ajayameru	Ajayameru	Kishangarh
c_ajayameru_adj	Ajayameru	Ghotki
b_shakambhari	Shakambhari	Satyapura
b_pushkar	Pushkar	Satyapuran
b_ajayameru	Ajayameru	Kiratakupa
b_dhanop	Dhanop	Satyapura
b_nareli	Nareli	Kiradu
b_lawah	Lawah	Juna Barmer
c_ranthambore	Ranthambore	Medapata
c_ranthambore_adj	Ranthambore	Medapatan
b_ranthambore	Ranthambore	Aghata
b_gangapur	Gangapur	Eklingji
b_tonkra	Tonkra	Nagahrada
b_utgir	Utgir	Bagar
b_mandrael	Mandrael	Jagadamba
b_sheopur	Sheopur	Sas Bahu
c_vairata	Vairata	Rishabhdeo
c_vairata_adj	Vairatan	Chitrakut
b_harshnath	Harshnath	Chitrakutan
b_vairata	Vairata	Chitrakut
b_sanganer	Sanganer	Rampura
b_amer	Amer	Baroli
b_dhosi	Dhosi	Bhainsrorgarh
b_jhunjhunu	Jhunjhunu	Mandalgarh
b_jeenmata	Jeenmata	Nagari
b_khatushyam	Khatushyam	Kota
c_debul	Debul	Kotan
c_debul_adj	Debul	Kota
b_debul	Debul	Koshvardhan
b_banbhore	Banbhore	Bundi
b_landhi	Landhi	Taragarh
b_thatta	Thatta	Ajayameru
b_makli	Makli	Ajayameru
b_shahbandar	Shahbandar	Shakambhari
b_kolachi	Kolachi	Pushkar
b_lari_bandar	Lari Bandar	Ajayameru
c_sonda	Sonda	Dhanop
c_sonda_adj	Sonda	Nareli
b_sonda	Sonda	Lawah
b_nagarparkar	Nagarparkar	Ranthambore
b_karoonjar	Karoonjar	Ranthambore
b_amarkot	Amarkot	Ranthambore
b_mamhal	Mamhal	Gangapur
b_matli	Matli	Tonkra
b_badin	Badin	Utgir
c_mansura	Mansura	Mandrael
c_mansura_adj	Mansuran	Sheopur
b_mansura	Mansura	Vairata
b_mirpur_khas	Mirpur Khas	Vairatan
b_hala	Hala	Harshnath
b_nerunkot	Nerunkot	Vairata
b_matiari	Matiari	Sanganer
b_nasarpur	Nasarpur	Amer
b_mirman	Mirman	Dhosi
c_ranikot	Ranikot	Jhunjhunu
c_ranikot_adj	Ranikotan	Jeenmata
b_ranikot	Ranikot	Khatushyam
b_sharusan	Sharusan	Debul
b_paat	Paat	Debul
b_khudabad	Khudabad	Debul
b_manhabari	Manhabari	Banbhore
b_jandar	Jandar	Landhi
c_siwistan	Siwistan	Thatta
c_siwistan_adj	Siwistan	Makli
b_siwistan	Siwistan	Shahbandar
b_dahlilah	Dahlilah	Kolachi
b_mir_rukan	Mir Rukan	Lari Bandar
b_guja	Guja	Sonda
b_vicalapura	Vicalapura	Sonda
c_bhakkar	Bhakkar	Sonda
c_bhakkar_adj	Bhakkar	Nagarparkar
b_bhakkar	Bhakkar	Karoonjar
b_larkana	Larkana	Amarkot
b_sarkara	Sarkara	Mamhal
b_kalari	Kalari	Matli
b_shikarpur	Shikarpur	Badin
c_aror	Aror	Mansura
c_aror_adj	Aror	Mansuran
b_aror	Aror	Mansura
b_sukkur	Sukkur	Mirpur Khas
b_basmak	Basmak	Hala
b_siraj_ji_takri	Siraj-ji-Takri	Nerunkot
b_allah_abad	Allah Abad	Matiari
c_rajanpur	Rajanpur	Nasarpur
c_rajanpur_adj	Rajanpur	Mirman
b_rajanpur	Rajanpur	Ranikot
b_rojhan	Rojhan	Ranikotan
b_adhiwala	Adhiwala	Ranikot
b_harrand	Harrand	Sharusan
b_dajal	Dajal	Paat
c_sibi	Sibi	Khudabad
c_sibi_adj	Sibi	Manhabari
b_sibi	Sibi	Jandar
b_mastanj	Mastanj	Siwistan
b_walishtan	Walishtan	Siwistan
b_dadhar	Dadhar	Siwistan
c_multan	Multan	Dahlilah
c_multan_adj	Multan	Mir Rukan
b_multan	Multan	Guja
b_mulasthana	Mulasthana	Vicalapura
b_kabirwala	Kabirwala	Bhakkar
b_tulamba	Tulamba	Bhakkar
b_prahladpuri	Prahladpuri	Bhakkar
b_alipur	Alipur	Larkana
b_makhdum_rashid	Makhdum Rashid	Sarkara
c_kafirkot	Kafirkot	Kalari
c_kafirkot_adj	Kafirkot	Shikarpur
b_kafirkot	Kafirkot	Aror
b_malot	Malot	Aror
b_bilot	Bilot	Aror
b_maniot	Maniot	Sukkur
b_dera_ghazi_khan	Dera Ghazi Khan	Basmak
c_uch	Uch	Siraj-ji-Takri
c_uch_adj	Uch	Allah Abad
b_uch	Uch	Rajanpur
b_chachran	Chachran	Rajanpur
b_mithankot	Mithankot	Rajanpur
b_derawar	Derawar	Rojhan
b_chaudari	Chaudari	Adhiwala
b_sitpur	Sitpur	Harrand
c_karur	Karur	Dajal
c_karur_adj	Karur	Sibi
b_karur	Karur	Sibi
b_askhanda	Askhanda	Sibi
b_vehari	Vehari	Mastanj
b_chishtian	Chishtian	Walishtan
b_marot	Marot	Dadhar
c_karor	Karor	Multan
c_karor_adj	Karor	Multan
b_karor	Karor	Multan
b_mankera	Mankera	Mulasthana
b_shadia	Shadia	Kabirwala
b_wan_bhachran	Wan Bhachran	Tulamba
c_bannu	Bannu	Prahladpuri
c_bannu_adj	Bannu	Alipur
b_bannu	Bannu	Makhdum Rashid
b_hangu	Hangu	Kafirkot
b_karrak	Karrak	Kafirkot
b_kohat	Kohat	Kafirkot
b_dinkot	Dinkot	Malot
b_kalabagh	Kalabagh	Bilot
c_lahur	Lahur	Maniot
c_lahur_adj	Lahur	Dera Ghazi Khan
b_lahur	Lahur	Uch
b_sangla	Sangla	Uch
b_kasur	Kasur	Uch
b_samnabad	Samnabad	Chachran
b_mehdiabad	Mehdiabad	Mithankot
b_chunian	Chunian	Derawar
b_data_darbar	Data Darbar	Chaudari
c_dipalpur	Dipalpur	Sitpur
c_dipalpur_adj	Dipalpur	Karur
b_pancapura	Pancapura	Karur
b_dipalpur	Dipalpur	Karur
b_abohar	Abohar	Askhanda
b_ajodhan	Ajodhan	Vehari
b_satghara	Satghara	Chishtian
b_chichawatni	Chichawatni	Marot
c_bhera	Bhera	Karor
c_bhera_adj	Bheran	Karor
b_bhera	Bhera	Karor
b_rampur	Rampur	Mankera
b_katasraj	Katasraj	Shadia
b_girjakh	Girjakh	Wan Bhachran
b_behak_maken	Behak Maken	Bannu
b_phalia	Phalia	Bannu
c_shorkot	Shorkot	Bannu
c_shorkot_adj	Shorkot	Hangu
b_bhirr	Bhirr	Karrak
b_shorkot	Shorkot	Kohat
b_kamalia	Kamalia	Dinkot
b_chandrod	Chandrod	Kalabagh
b_bhawana	Bhawana	Lahur
b_jhang	Jhang	Lahur
b_rabwah	Rabwah	Lahur
c_sakala	Sakala	Sangla
c_sakala_adj	Sakalan	Kasur
b_sakala	Sakala	Samnabad
b_jammu	Jammu	Mehdiabad
b_bhuttar	Bhuttar	Chunian
b_bahu	Bahu	Data Darbar
b_vallapura	Vallapura	Dipalpur
b_puran_nagar	Puran Nagar	Dipalpur
b_pasrur	Pasrur	Pancapura
c_trigarta	Trigarta	Dipalpur
c_trigarta_adj	Trigartan	Abohar
b_jalandhar	Jalandhar	Ajodhan
b_kahlur	Kahlur	Satghara
b_rahon	Rahon	Chichawatni
b_pathankot	Pathankot	Bhera
b_kaparthula	Kaparthula	Bheran
b_milwat	Milwat	Bhera
b_sarwmanpur	Sarwmanpur	Rampur
b_kangra	Kangra	Katasraj
c_gurjaratra	Gurjaratra	Girjakh
c_gurjaratra_adj	Gurjaratran	Behak Maken
b_gurjaratra	Gurjaratra	Phalia
b_jhelum	Jhelum	Shorkot
b_kharian	Kharian	Shorkot
b_kunjah	Kunjah	Bhirr
b_hakla	Hakla	Shorkot
b_tibbi	Tibbi	Kamalia
b_karianwala	Karianwala	Chandrod
b_bhaddar	Bhaddar	Bhawana
c_udabhanda	Udabhanda	Jhang
c_udabhanda_adj	Udabhandan	Rabwah
b_udabhanda	Udabhanda	Sakala
b_charsada	Charsada	Sakalan
b_oddiyana	Oddiyana	Sakala
b_attak	Attak	Jammu
b_mankiala	Mankiala	Bhuttar
b_rawal	Rawal	Bahu
b_ohind	Ohind	Vallapura
c_purushapura	Purushapura	Puran Nagar
c_purushapura_adj	Purushapuran	Pasrur
b_purushapura	Purushapura	Trigarta
b_shah_ji_dheri	Shah-ji-Dheri	Trigartan
b_nowshera	Nowshera	Jalandhar
b_ali_masjid	Ali Masjid	Kahlur
b_bajaur	Bajaur	Rahon
b_mardan	Mardan	Pathankot
b_shergarh	Shergarh	Kaparthula
c_nandana	Nandana	Milwat
c_nandana_adj	Nandana	Sarwmanpur
b_nandana	Nandana	Kangra
b_hund	Hund	Gurjaratra
b_lund2	Lund	Gurjaratran
b_simhapura	Simhapura	Gurjaratra
b_khushab	Khushab	Jhelum
b_tulaja	Tulaja	Kharian
b_khewra	Khewra	Kunjah
c_kasmira	Kasmira	Hakla
c_kasmira_adj	Kasmiran	Tibbi
b_srinagara	Srinagara	Karianwala
b_shankaracharya	Shankaracharya	Bhaddar
b_parihasapura	Parihasapura	Udabhanda
b_padmapura	Padmapura	Udabhandan
b_loharakota	Loharakota	Udabhanda
b_amaresvara	Amaresvara	Charsada
b_baghsar	Baghsar	Oddiyana
c_nagadipa	Nagadipa	Attak
c_nagadipa_adj	Nagadipan	Mankiala
b_sukaratittha	Sukaratittha	Rawal
b_yapapatuna	Yapapatuna	Ohind
b_vallipuram	Vallipuram	Purushapura
b_nallur	Nallur	Purushapuran
b_nainativu	Nainativu	Purushapura
c_phiti	Pihiti	Shah-ji-Dheri
c_phiti_adj	Pihiti	Nowshera
b_anuradhapura	Anuradhapura	Ali Masjid
b_atamasthana	Atamasthana	Bajaur
b_mahatittha	Mahatittha	Mardan
b_punkhagama	Punkhagama	Shergarh
b_mihintale	Mihintale	Nandana
b_mannara	Mannara	Nandana
b_subhagiri	Subhagiri	Nandana
c_kotthasara	Kotthasara	Hund
c_kotthasara_adj	Kotthasaran	Lund
b_pulatthinagara	Pulatthinagara	Simhapura
b_gokanna	Gokanna	Khushab
b_sigiriya	Sigiriya	Tulaja
b_vatagiri	Vatagiri	Khewra
b_trincomalee	Trincomalee	Kasmira
b_girikandaka	Girikandaka	Kasmiran
b_madakalapuva	Madakalapuva	Srinagara
c_dakhina_desa	Dakhina Desa	Shankaracharya
c_dakhina_desa_adj	Dakhina Desan	Parihasapura
b_vapinagara	Vapinagara	Padmapura
b_samantakuta	Samantakuta	Loharakota
b_kalyani2	Kalyani	Amaresvara
b_mahiyangana	Mahiyangana	Baghsar
b_jambudoni	Jambudoni	Nagadipa
b_hatthigiripura	Hatthigiripura	Nagadipan
b_kotte	Kotte	Sukaratittha
b_rayigama	Rayigama	Yapapatuna
c_rohana	Rohana	Vallipuram
c_rohana_adj	Rohana	Nallur
b_mahagama	Mahagama	Nainativu
b_dighavapi	Dighavapi	Pihiti
b_mahanagakula	Mahanagakula	Pihiti
b_devanagara	Devanagara	Anuradhapura
b_gampala	Gampala	Atamasthana
b_kajaragama	Kajaragama	Mahatittha
b_buduruvagala	Buduruvagala	Punkhagama
c_maldives	Maldives	Mihintale
c_maldives_adj	Maldivian	Mannara
b_mahal	Mahal	Subhagiri
b_fuvahmulah	Fuvahmulah	Kotthasara
b_isdhoo	Isdhoo	Kotthasaran
b_salliballu	Salliballu	Pulatthinagara
b_dhanbidhoo	Dhanbidhoo	Gokanna
b_mundoo	Mundoo	Sigiriya
b_gan	Gan	Vatagiri
c_quzdar	Quzdar	Trincomalee
c_quzdar_adj	Quzdar	Girikandaka
b_quzdar	Quzdar	Madakalapuva
b_bodein	Bodein	Dakhina Desa
c_wana	Wana	Dakhina Desan
c_wana_adj	Wana	Vapinagara
b_bori	Bori	Samantakuta
c_chagai	Chagai	Kalyani
c_chagai_adj	Chagai	Mahiyangana
b_nushki	Nushki	Jambudoni
c_kandail	Kandail	Hatthigiripura
c_kandail_adj	Kandail	Kotte
b_kandail	Kandail	Rayigama
b_dadu	Dadu	Rohana
b_jhal	Jhal	Rohana
c_armail	Armail	Mahagama
c_armail_adj	Armail	Dighavapi
b_armail	Armail	Mahanagakula
b_hingula	Hingula	Devanagara
b_kambali	Kambali	Gampala
b_yusli	Yusli	Kajaragama
b_adinapur	Adinapur	Buduruvagala
b_nagarahara	Nagarahara	Maldives
b_kapisa	Kapisa	Maldivian
b_lampara	Lampara	Mahal
b_kunar	Kunar	Fuvahmulah
b_kharabat	Kharabat	Isdhoo
c_bamiyan	Bamiyan	Salliballu
c_bamiyan_adj	Bamiyan	Dhanbidhoo
b_bamiyan	Bamiyan	Mundoo
b_shar_i_gholghola	Shar-i-Gholghola	Gan
b_istalif	Istalif	Quzdar
b_zakhak	Zakhak	Quzdar
b_shibar	Shibar	Quzdar
b_chak	Chak	Bodein
b_aibak	Aibak	Wana
c_makran	Makran	Wana
c_makran_adj	Makran	Bori
b_al_haur	Al-Haur	Chagai
b_kiz	Kiz	Chagai
b_ormara	Ormara	Nushki
b_kannazbun	Kannazbun	Kandail
b_borama	Borama	Kandail
b_dilla	Dilla	Kandail
b_lughaya	Lughaya	Dadu
b_shellal	Shellal	Jhal
b_bigeh	Bigeh	Armail
b_dakkar	Dakkar	Armail
b_alemaya	Alemaya	Armail
b_dandolo	Dandolo	Hingula
b_contarini	Contarini	Kambali
b_faliero	Faliero	Yusli
b_morosini	Morosini	Adinapur
b_ziani	Ziani	Nagarahara
b_candiano	Candiano	Kapisa
b_orsoleo	Orsoleo	Lampara
b_participazio	Participazio	Kunar
b_tribuno	Tribuno	Kharabat
b_tradonico	Tradonico	Bamiyan
b_doria	Doria	Bamiyan
b_spinola	Spinola	Bamiyan
b_grimaldi	Grimaldi	Shar-i-Gholghola
b_fieschi	Fieschi	Istalif
b_embriaco	Embriaco	Zakhak
b_dappiano	Dappiano	Shibar
b_della_gherardesca	Della Gherardesca	Chak
b_visconti	Visconti	Aibak
b_alliata	Alliata	Makran
b_caetani	Caetani	Makran
b_bardewik	Bardewik	Al-Haur
b_vorrade	Vorrade	Kiz
b_warendorp	Warendorp	Ormara
b_pat_luneburg	Lneburg	Kannazbun
b_wittenborg	Wittenborg	Borama
b_stenkyrka	Stenkyrka	Dilla
b_guldsmed	Guldsmed	Lughaya
b_hejnum	Hejnum	Shellal
b_gildehusen	Gildehusen	Bigeh
b_strabain	Strabain	Dakkar
b_konstantios	Konstantios	Alemaya
b_mauro	Mauro	Dandolo
b_musco	Musco	Contarini
b_polkarios	Polkarios	Faliero
b_urso	Urso	Morosini
b_ghaneraov	Ghaneraov	Ziani
b_gwalior	Gwalior	Candiano
b_sahastrabahu	Sahastrabahu	Orsoleo
b_dabra	Dabra	Participazio
b_narwar	Narwar	Tribuno
b_sabalgarh	Sabalgarh	Tradonico
b_vijaypur	Vijaypur	Doria
b_tiruccirapalli	Tiruccirapalli	Spinola
b_rohana	Rohana	Grimaldi
b_bateshwar	Bateshwar	Fieschi
b_pankak	Pankak	Embriaco
b_banan	Banan	Dappiano
b_shukla	Shukla	Della Gherardesca
b_tumanyan	Tumanyan	Visconti
b_askiz	Askiz	Alliata
b_arlik	Arlik	Caetani
b_dasu	Dasu	Bardewik
b_adar	Adar	Vorrade
b_masal	Masal	Warendorp
b_kargal	Kargal	Lneburg
b_dhrol	Dhrol	Wittenborg
b_ranakpur	Ranakpur	Stenkyrka
b_pattiseema	Pattiseema	Guldsmed
b_sialkot	Sialkot	Hejnum
b_talq	Talq	Gildehusen
		Strabain
		Konstantios
		Mauro
		Musco
		Polkarios
		Urso
		Ghaneraov
		Gwalior
		Sahastrabahu
		Dabra
		Narwar
		Sabalgarh
		Vijaypur
		Tiruccirapalli
		Rohana
		Bateshwar
		Pankak
		Banan
		Shukla
		Tumanyan
		Askiz
		Arlik
		Dasu
		Adar
		Masal
		Kargal
		Dhrol
		Ranakpur
		Pattiseema
		Sialkot
		Talq
